RegionID,SizeRank,RegionName,RegionType,StateName,date,zori,year,month,zori_indexed,zori_yoy,us_zori,pct_vs_national
394355,29,"Austin, TX",msa,TX,2015-01-31,1190.237574412731,2015,1,93.47301508564848,,1153.9791960587163,3.1420305043497354
394355,29,"Austin, TX",msa,TX,2015-02-28,1198.0586903328906,2015,2,94.08723135818752,,1159.2929208633752,3.3439149650499767
394355,29,"Austin, TX",msa,TX,2015-03-31,1199.869501630156,2015,3,94.2294399351517,,1165.0143381621383,2.9918227034873457
394355,29,"Austin, TX",msa,TX,2015-04-30,1200.2760087793315,2015,4,94.26136419103489,,1169.6829461113546,2.615500445627972
394355,29,"Austin, TX",msa,TX,2015-05-31,1202.5583424652114,2015,5,94.44060287046908,,1173.8199046303578,2.448283396923956
394355,29,"Austin, TX",msa,TX,2015-06-30,1208.1568292401678,2015,6,94.88026924466376,,1177.7369717516628,2.5829075776793387
394355,29,"Austin, TX",msa,TX,2015-07-31,1214.958771914251,2015,7,95.41444670961228,,1182.2265930193005,2.7686891064897745
394355,29,"Austin, TX",msa,TX,2015-08-31,1222.9166964856254,2015,8,96.03940698603238,,1187.2124991920334,3.007397354550312
394355,29,"Austin, TX",msa,TX,2015-09-30,1228.942638054147,2015,9,96.51264269900972,,1192.4133245161288,3.0634774693448996
394355,29,"Austin, TX",msa,TX,2015-10-31,1235.3000653863528,2015,10,97.01191100787857,,1197.457543918654,3.1602390965662197
394355,29,"Austin, TX",msa,TX,2015-11-30,1239.7431712714813,2015,11,97.36084176956508,,1202.242744489147,3.119205913633416
394355,29,"Austin, TX",msa,TX,2015-12-31,1245.0974154264106,2015,12,97.78132702009408,,1206.6350266640156,3.1875743627907127
394355,29,"Austin, TX",msa,TX,2016-01-31,1247.4360340479338,2016,1,97.96498592852426,4.805633838557388,1210.1654872713584,3.0797892658971593
394355,29,"Austin, TX",msa,TX,2016-02-29,1246.7848506342978,2016,2,97.91384649354518,4.067092930803606,1213.1492782380162,2.772583143694729
394355,29,"Austin, TX",msa,TX,2016-03-31,1244.8291246715312,2016,3,97.76025732248304,3.7470427392556127,1215.014135904852,2.453879990826202
394355,29,"Austin, TX",msa,TX,2016-04-30,1248.001813952694,2016,4,98.00941836345127,3.976235867773381,1218.4203610418558,2.427852804884467
394355,29,"Austin, TX",msa,TX,2016-05-31,1251.7727735658098,2016,5,98.30556341245804,4.092477625635205,1222.0551678578463,2.4317728437788677
394355,29,"Austin, TX",msa,TX,2016-06-30,1256.6490808976798,2016,6,98.68851481526436,4.0137381574882,1226.7068864224605,2.440859736472345
394355,29,"Austin, TX",msa,TX,2016-07-31,1259.4710932489486,2016,7,98.91013611907186,3.6636898604028634,1230.319911019967,2.369398557877056
394355,29,"Austin, TX",msa,TX,2016-08-31,1262.124228749952,2016,8,99.11849500476066,3.2060672960799286,1234.1399622611773,2.2675115744167362
394355,29,"Austin, TX",msa,TX,2016-09-30,1264.160813790087,2016,9,99.2784342877006,2.8657298270408305,1237.715295542083,2.1366398511235785
394355,29,"Austin, TX",msa,TX,2016-10-31,1264.9055717692122,2016,10,99.33692242092246,2.3966246916371725,1241.4789285260877,1.8869948337292497
394355,29,"Austin, TX",msa,TX,2016-11-30,1265.9182672986733,2016,11,99.41645251351694,2.1113321398936957,1244.7491921840915,1.700669921901099
394355,29,"Austin, TX",msa,TX,2016-12-31,1268.7313660178784,2016,12,99.63737380240116,1.8981607622543972,1247.9571419161364,1.6646584569278478
394355,29,"Austin, TX",msa,TX,2017-01-31,1273.3488625804218,2017,1,100.0,2.077287157434493,1252.6573207708043,1.6518118296618756
394355,29,"Austin, TX",msa,TX,2017-02-28,1279.1982834163384,2017,2,100.45937299728394,2.599761519844468,1258.1293102668358,1.6746270019759812
394355,29,"Austin, TX",msa,TX,2017-03-31,1287.3168219641882,2017,3,101.09694678294684,3.4131348994479893,1264.85519481394,1.775825979317136
394355,29,"Austin, TX",msa,TX,2017-04-30,1291.2208475129764,2017,4,101.40354190887936,3.4630585530479596,1269.7049627952304,1.6945578184068166
394355,29,"Austin, TX",msa,TX,2017-05-31,1292.936193506577,2017,5,101.53825330212034,3.2884099103313025,1274.4162136573475,1.453212824096184
394355,29,"Austin, TX",msa,TX,2017-06-30,1293.4032074219162,2017,6,101.57492934032662,2.9247724828622257,1278.1931527499523,1.1899652755329226
394355,29,"Austin, TX",msa,TX,2017-07-31,1292.6645809340464,2017,7,101.51692273195908,2.635510085386028,1282.1632181761709,0.8190347850419055
394355,29,"Austin, TX",msa,TX,2017-08-31,1291.9412466760978,2017,8,101.46011706941007,2.3624471543246983,1285.5404982289306,0.4979032909492531
394355,29,"Austin, TX",msa,TX,2017-09-30,1291.6031146514426,2017,9,101.43356252221632,2.1707919247299534,1290.1072996395128,0.11594500801195284
394355,29,"Austin, TX",msa,TX,2017-10-31,1293.0479793569918,2017,10,101.54703218854335,2.224862330902466,1293.9268969903303,-0.06792637477300856
394355,29,"Austin, TX",msa,TX,2017-11-30,1297.915363319165,2017,11,101.92928281170012,2.527579927317891,1298.4590148443738,-0.04186897845781523
394355,29,"Austin, TX",msa,TX,2017-12-31,1300.4633510428896,2017,12,102.12938411925234,2.5010798877470153,1302.8797708820805,-0.18546759978895766
394355,29,"Austin, TX",msa,TX,2018-01-31,1301.8620074532394,2018,1,102.23922490612952,2.239224906129511,1307.7652159038405,-0.45139665582260013
394355,29,"Austin, TX",msa,TX,2018-02-28,1306.62118803726,2018,2,102.61297798542124,2.143757146678116,1312.723232437858,-0.4648386080031486
394355,29,"Austin, TX",msa,TX,2018-03-31,1307.5094952075767,2018,3,102.68273947784654,1.568586139702477,1316.8036779999602,-0.7058138542337611
394355,29,"Austin, TX",msa,TX,2018-04-30,1312.1552752957816,2018,4,103.04758686764907,1.6212894814335632,1321.0657124950012,-0.6744885674453749
394355,29,"Austin, TX",msa,TX,2018-05-31,1315.0481270849368,2018,5,103.27477141024904,1.710210735023976,1324.6220004893337,-0.7227626750016314
394355,29,"Austin, TX",msa,TX,2018-06-30,1322.5783796351243,2018,6,103.8661452883336,2.255690417790257,1328.9350790503258,-0.47833031992383646
394355,29,"Austin, TX",msa,TX,2018-07-31,1328.564394637805,2018,7,104.3362454453754,2.7771948139724056,1333.4667233870543,-0.3676378767666022
394355,29,"Austin, TX",msa,TX,2018-08-31,1333.7038937263776,2018,8,104.73986610579344,3.2325500217387226,1338.4751271715386,-0.35646784525936726
394355,29,"Austin, TX",msa,TX,2018-09-30,1338.717163052704,2018,9,105.13357355499689,3.6477187045167447,1342.544990141505,-0.28511723010470336
394355,29,"Austin, TX",msa,TX,2018-10-31,1345.2675924773075,2018,10,105.64799891140152,4.038489982891691,1347.6660727567075,-0.17797289164472874
394355,29,"Austin, TX",msa,TX,2018-11-30,1354.029480049428,2018,11,106.33609687336651,4.323403383311697,1353.2043089606334,0.060979046795117675
394355,29,"Austin, TX",msa,TX,2018-12-31,1358.8077859015914,2018,12,106.71135191874976,4.486434378324722,1358.6777107697335,0.009573656123662566
394355,29,"Austin, TX",msa,TX,2019-01-31,1362.1598519799495,2019,1,106.97459997094224,4.631661741528781,1362.624684705546,-0.034113041603756056
394355,29,"Austin, TX",msa,TX,2019-02-28,1365.6452215505506,2019,2,107.24831675610812,4.517302646986265,1365.9504305020669,-0.022344072281166305
394355,29,"Austin, TX",msa,TX,2019-03-31,1371.289577023637,2019,3,107.691585340151,4.877982305278383,1370.0544981436085,0.09014815700412182
394355,29,"Austin, TX",msa,TX,2019-04-30,1375.174452416309,2019,4,107.99667654546288,4.802722536501758,1374.7052902522796,0.03412819950254775
394355,29,"Austin, TX",msa,TX,2019-05-31,1381.490157114131,2019,5,108.49266824761304,5.0524409457527675,1379.9949327482411,0.10834998958382247
394355,29,"Austin, TX",msa,TX,2019-06-30,1384.5386681779855,2019,6,108.73207719149636,4.684810329347355,1384.9818347934113,-0.03199800923684437
394355,29,"Austin, TX",msa,TX,2019-07-31,1389.8988277882272,2019,7,109.15302700091308,4.616594679036479,1389.9263304699757,-0.001978715068962078
394355,29,"Austin, TX",msa,TX,2019-08-31,1395.9931951354326,2019,8,109.63163640060698,4.670399606843634,1394.7514509988664,0.08902977915361543
394355,29,"Austin, TX",msa,TX,2019-09-30,1402.2590661575664,2019,9,110.12371451103432,4.746477064652432,1399.7692327380648,0.17787456398303814
394355,29,"Austin, TX",msa,TX,2019-10-31,1406.7326638186455,2019,10,110.47503988560712,4.568984764447515,1404.321156597168,0.17172049357432329
394355,29,"Austin, TX",msa,TX,2019-11-30,1407.817989751176,2019,11,110.56027386699463,3.9724770024788914,1408.332422737298,-0.03652780961487245
394355,29,"Austin, TX",msa,TX,2019-12-31,1412.8814372944134,2019,12,110.95792196580211,3.9794923133254834,1412.5169889533763,0.025801342135167715
394355,29,"Austin, TX",msa,TX,2020-01-31,1419.4469522531735,2020,1,111.47353203557164,4.205607747868578,1417.4262579063345,0.1425608094648867
394355,29,"Austin, TX",msa,TX,2020-02-29,1424.1325813295166,2020,2,111.84150888889428,4.282763843493664,1422.6876575114522,0.10156296854306746
394355,29,"Austin, TX",msa,TX,2020-03-31,1429.858058247869,2020,3,112.29114818937236,4.271051294020167,1426.9561322626098,0.203364765016123
394355,29,"Austin, TX",msa,TX,2020-04-30,1422.7172121667063,2020,4,111.73035559819732,3.457216621997339,1425.2251292640306,-0.1759663821405799
394355,29,"Austin, TX",msa,TX,2020-05-31,1411.8738501212663,2020,5,110.87879304813023,2.1993419823276517,1421.431345536873,-0.6723852999032442
394355,29,"Austin, TX",msa,TX,2020-06-30,1399.671653730645,2020,6,109.92051706036254,1.092998404484713,1418.1559191599076,-1.3034014934135363
394355,29,"Austin, TX",msa,TX,2020-07-31,1393.695365476682,2020,7,109.4511807747941,0.273152089385964,1419.012870915696,-1.7841631994977347
394355,29,"Austin, TX",msa,TX,2020-08-31,1391.0232297170132,2020,8,109.24132974039227,-0.3560164502046326,1419.4623277502533,-2.0035119972725113
394355,29,"Austin, TX",msa,TX,2020-09-30,1388.5673927018483,2020,9,109.04846531122176,-0.9764011362918601,1420.3833546297958,-2.2399559826044246
394355,29,"Austin, TX",msa,TX,2020-10-31,1391.7472265448175,2020,10,109.29818743658852,-1.0652654665136763,1423.868697009807,-2.2559292533395836
394355,29,"Austin, TX",msa,TX,2020-11-30,1400.3680343878466,2020,11,109.97520597379906,-0.5291845549328489,1429.3974153858478,-2.0308824323825414
394355,29,"Austin, TX",msa,TX,2020-12-31,1410.5849052251303,2020,12,110.77756824367846,-0.1625424475588555,1436.6708305550565,-1.815720398516607
394355,29,"Austin, TX",msa,TX,2021-01-31,1425.4669434944396,2021,1,111.94630045106042,0.424108222692654,1446.6384249805324,-1.4634950323801577
394355,29,"Austin, TX",msa,TX,2021-02-28,1439.577329697603,2021,2,113.05443244990394,1.0845021433094182,1457.3335989403172,-1.2184080059380653
394355,29,"Austin, TX",msa,TX,2021-03-31,1456.4755207324763,2021,3,114.38149933090224,1.8615457898824017,1469.1613284137954,-0.8634727470682613
394355,29,"Austin, TX",msa,TX,2021-04-30,1478.7806565454669,2021,4,116.13319020435144,3.940589450898657,1484.02561343762,-0.3534276527750513
394355,29,"Austin, TX",msa,TX,2021-05-31,1510.6192042041512,2021,5,118.63356921236058,6.993921877255782,1503.5005341431372,0.4734730649810448
394355,29,"Austin, TX",msa,TX,2021-06-30,1548.2503087310686,2021,6,121.5888555154919,10.615250698576784,1526.330112129912,1.4361373353610984
394355,29,"Austin, TX",msa,TX,2021-07-31,1586.933089677124,2021,7,124.6267332002974,13.865133585656242,1549.812021478987,2.3951981068460304
394355,29,"Austin, TX",msa,TX,2021-08-31,1627.6311517928432,2021,8,127.82287710961424,17.009631257126088,1575.2580978161243,3.324728439696756
394355,29,"Austin, TX",msa,TX,2021-09-30,1663.8105292399598,2021,9,130.66415482307602,19.82209419469001,1600.6564485610666,3.94551127668068
394355,29,"Austin, TX",msa,TX,2021-10-31,1689.5515096618951,2021,10,132.6856731342301,21.39787149829018,1622.4375751731095,4.136611202537321
394355,29,"Austin, TX",msa,TX,2021-11-30,1704.4451923187758,2021,11,133.85531981115872,21.714088758377926,1641.1037320393662,3.859686565985476
394355,29,"Austin, TX",msa,TX,2021-12-31,1719.4138828712637,2021,12,135.030857088677,21.893682294639618,1657.481691426089,3.736523411724013
394355,29,"Austin, TX",msa,TX,2022-01-31,1728.0414846328213,2022,1,135.70840917319168,21.226345691092607,1671.1057250663796,3.407071061538014
394355,29,"Austin, TX",msa,TX,2022-02-28,1742.347057249914,2022,2,136.8318697610547,21.031848814673303,1684.5847618230673,3.4288743870825478
394355,29,"Austin, TX",msa,TX,2022-03-31,1750.6184518437324,2022,3,137.48144780183264,20.195528652848793,1695.8534716405886,3.2293462329716194
394355,29,"Austin, TX",msa,TX,2022-04-30,1766.9549123183167,2022,4,138.7644002553715,19.487288699464365,1710.8314140906805,3.2804809267233503
394355,29,"Austin, TX",msa,TX,2022-05-31,1777.62433055477,2022,5,139.60230246347743,17.675210642597825,1724.2046266051707,3.0982229791819194
394355,29,"Austin, TX",msa,TX,2022-06-30,1790.514987222953,2022,6,140.61464535292413,15.64764283434521,1737.9450563985945,3.024832725914539
394355,29,"Austin, TX",msa,TX,2022-07-31,1798.4639304372713,2022,7,141.23890029576904,13.329537466711038,1748.0703180387038,2.8828138020847938
394355,29,"Austin, TX",msa,TX,2022-08-31,1797.967394842463,2022,8,141.19990582933494,10.46528526208126,1755.3069463248903,2.4303697200590113
394355,29,"Austin, TX",msa,TX,2022-09-30,1795.9823366507662,2022,9,141.04401310817804,7.9439218040760595,1760.4203615479337,2.0200842866622493
394355,29,"Austin, TX",msa,TX,2022-10-31,1790.4337786258066,2022,10,140.60826779218385,5.9709495914746835,1764.4286581456008,1.473855027243598
394355,29,"Austin, TX",msa,TX,2022-11-30,1786.4793368598437,2022,11,140.29771332575513,4.812952913403246,1768.876008593712,0.9951702765264248
394355,29,"Austin, TX",msa,TX,2022-12-31,1783.0458097348992,2022,12,140.02806788719192,3.700791734761144,1774.2248470224465,0.497172764052789
394355,29,"Austin, TX",msa,TX,2023-01-31,1784.6531553652133,2023,1,140.1542976799493,3.2760597031859406,1779.5674401720833,0.28578378533596904
394355,29,"Austin, TX",msa,TX,2023-02-28,1784.9612133611247,2023,2,140.17849042122896,2.4457903454936147,1784.8631152124492,0.00549611607967293
394355,29,"Austin, TX",msa,TX,2023-03-31,1789.254980852038,2023,3,140.51569317980466,2.207021693825628,1792.580790768988,-0.1855319399871158
394355,29,"Austin, TX",msa,TX,2023-04-30,1782.0513412889168,2023,4,139.94996922348656,0.8543754492746469,1797.277747138996,-0.8471926987532852
394355,29,"Austin, TX",msa,TX,2023-05-31,1775.9314540513858,2023,5,139.46935566836635,-0.09523252322136688,1802.2203312183512,-1.4586938517774595
394355,29,"Austin, TX",msa,TX,2023-06-30,1762.438698237661,2023,6,138.4097280823816,-1.5680566309493882,1802.9591708111727,-2.247442605995409
394355,29,"Austin, TX",msa,TX,2023-07-31,1753.4425714189456,2023,7,137.70323459241337,-2.503322877728187,1806.1444257320632,-2.917920270509733
394355,29,"Austin, TX",msa,TX,2023-08-31,1744.862445768587,2023,8,137.02941095283583,-2.9536102393296737,1809.5125074509529,-3.5727888818761433
394355,29,"Austin, TX",msa,TX,2023-09-30,1735.8867692524614,2023,9,136.3245234879869,-3.3461112713599417,1813.4032813549056,-4.274642761456072
394355,29,"Austin, TX",msa,TX,2023-10-31,1733.1113727445766,2023,10,136.10656306964088,-3.2015931873909387,1818.101185954859,-4.67464703652597
394355,29,"Austin, TX",msa,TX,2023-11-30,1733.535941859141,2023,11,136.1399057871821,-2.963560445863489,1822.520836912919,-4.8825172942606905
394355,29,"Austin, TX",msa,TX,2023-12-31,1733.8384827120317,2023,12,136.16366525026257,-2.759734312725459,1827.6069266184024,-5.130668008567318
394355,29,"Austin, TX",msa,TX,2024-01-31,1728.128577683192,2024,1,135.71524885813037,-3.1672584396632564,1832.8146188084484,-5.71176375673581
394355,29,"Austin, TX",msa,TX,2024-02-29,1719.107238440099,2024,2,135.00677535898174,-3.6893784821811937,1837.8398549659364,-6.46044410262493
394355,29,"Austin, TX",msa,TX,2024-03-31,1709.6145113521509,2024,3,134.26128232349802,-4.451040815991614,1841.9148840175228,-7.182762559407896
394355,29,"Austin, TX",msa,TX,2024-04-30,1704.645820266959,2024,4,133.8710757405885,-4.343619020873568,1845.8650088491368,-7.650569673576801
394355,29,"Austin, TX",msa,TX,2024-05-31,1699.2076260970712,2024,5,133.44399763735234,-4.320202098976655,1850.519825047151,-8.176740227369594
394355,29,"Austin, TX",msa,TX,2024-06-30,1695.58937427017,2024,6,133.15984520016647,-3.7930013698823317,1855.7528781698825,-8.630648282095798
394355,29,"Austin, TX",msa,TX,2024-07-31,1690.0160436512222,2024,7,132.7221544162242,-3.617257205999991,1860.228440322537,-9.15008033324135
394355,29,"Austin, TX",msa,TX,2024-08-31,1683.9816449109942,2024,8,132.24825453555843,-3.489146150473521,1864.0972044094824,-9.662348029514167
394355,29,"Austin, TX",msa,TX,2024-09-30,1679.7040433255363,2024,9,131.91232133522638,-3.236543242455814,1868.0531239652537,-10.082640489362271
394355,29,"Austin, TX",msa,TX,2024-10-31,1672.5738280050948,2024,10,131.35236361036596,-3.4929979510557208,1871.9279175373215,-10.649666991157103
394355,29,"Austin, TX",msa,TX,2024-11-30,1667.6453965083997,2024,11,130.96531873668476,-3.800933327063105,1877.189376463486,-11.162644674127387
394355,29,"Austin, TX",msa,TX,2024-12-31,1662.3007895530584,2024,12,130.54559032506077,-4.125972163628278,1881.7607218621977,-11.662478112092856
394355,29,"Austin, TX",msa,TX,2025-01-31,1658.784212093317,2025,1,130.26942268843874,-4.01268554234785,1886.853535076075,-12.087282809344435
394355,29,"Austin, TX",msa,TX,2025-02-28,1653.9022466921124,2025,2,129.8860269400567,-3.792956616665344,1890.8444763946889,-12.531026885635722
394355,29,"Austin, TX",msa,TX,2025-03-31,1650.259114754802,2025,3,129.59992059132776,-3.471858492263502,1894.48027883107,-12.891195902390551
394355,29,"Austin, TX",msa,TX,2025-04-30,1645.1171832672535,2025,4,129.19610890714182,-3.4921410824439114,1896.7962644224117,-13.268640700945088
394355,29,"Austin, TX",msa,TX,2025-05-31,1641.174522476285,2025,5,128.88647963688993,-3.4153038586628215,1899.627007310183,-13.605433268705703
394355,29,"Austin, TX",msa,TX,2025-06-30,1638.167290098162,2025,6,128.6503124350731,-3.386556028444332,1903.4733146735937,-13.937995480694521
394355,29,"Austin, TX",msa,TX,2025-07-31,1635.2089212868286,2025,7,128.41798263934544,-3.242994205308525,1907.061469409747,-14.255049062842174
394355,29,"Austin, TX",msa,TX,2025-08-31,1633.5399126999382,2025,8,128.2869102650781,-2.995384917851762,1911.15585277634,-14.526075394275594
394355,29,"Austin, TX",msa,TX,2025-09-30,1630.9021550543937,2025,9,128.07975904964454,-2.9053861282921534,1914.9578386208484,-14.8335215448415
394355,29,"Austin, TX",msa,TX,2025-10-31,1628.3452576892769,2025,10,127.87895804056872,-2.6443418864547263,1918.3626462078796,-15.117964744147528
394355,29,"Austin, TX",msa,TX,2025-11-30,1622.6781999812983,2025,11,127.4339065802412,-2.696448334954815,1920.4503266188883,-15.505328230063753
394355,29,"Austin, TX",msa,TX,2025-12-31,1617.2065070730382,2025,12,127.0041977181174,-2.712763103008853,1922.2515912828037,-15.86915498434809
394355,29,"Austin, TX",msa,TX,2026-01-31,1612.2769680618153,2026,1,126.61706586791624,-2.80369463926905,1923.3272225400376,-16.17250828839383
394355,29,"Austin, TX",msa,TX,2026-02-28,1609.864397747218,2026,2,126.42759930572778,-2.662663348633354,1925.0133364214537,-16.371260017350785
394355,29,"Austin, TX",msa,TX,2026-03-31,1606.2573384725613,2026,3,126.14432585407155,-2.66635559766496,1926.6878481301744,-16.63115849142801
394355,29,"Austin, TX",msa,TX,2026-04-30,1603.6026487146676,2026,4,125.93584490781195,-2.523500147882274,1929.6422102592069,-16.89637383609798
394816,88,"Madison, WI",msa,WI,2015-01-31,1049.0446401193658,2015,1,93.90662893249478,,1153.9791960587163,-9.093279696700119
394816,88,"Madison, WI",msa,WI,2015-02-28,1059.265956291908,2015,2,94.82160367075512,,1159.2929208633752,-8.628273559798238
394816,88,"Madison, WI",msa,WI,2015-03-31,1066.1422255906853,2015,3,95.43714208045206,,1165.0143381621383,-8.486772165175937
394816,88,"Madison, WI",msa,WI,2015-04-30,1073.4780945764685,2015,4,96.09382216860062,,1169.6829461113546,-8.224865708671047
394816,88,"Madison, WI",msa,WI,2015-05-31,1075.1204430883784,2015,5,96.24083918426184,,1173.8199046303578,-8.40839903571583
394816,88,"Madison, WI",msa,WI,2015-06-30,1073.9345384114763,2015,6,96.13468134675506,,1177.7369717516628,-8.813719517168582
394816,88,"Madison, WI",msa,WI,2015-07-31,1071.6739087480958,2015,7,95.93231806988943,,1182.2265930193005,-9.35122631515699
394816,88,"Madison, WI",msa,WI,2015-08-31,1078.0350102877535,2015,8,96.50174055110872,,1187.2124991920334,-9.196120237832861
394816,88,"Madison, WI",msa,WI,2015-09-30,1080.4930552508483,2015,9,96.7217757216068,,1192.4133245161288,-9.38602974020747
394816,88,"Madison, WI",msa,WI,2015-10-31,1082.3068845779596,2015,10,96.8841430709586,,1197.457543918654,-9.616262382369422
394816,88,"Madison, WI",msa,WI,2015-11-30,1085.441192576027,2015,11,97.16471482823025,,1202.242744489147,-9.715305203422197
394816,88,"Madison, WI",msa,WI,2015-12-31,1089.1219534560223,2015,12,97.49420304343872,,1206.6350266640156,-9.738907839670608
394816,88,"Madison, WI",msa,WI,2016-01-31,1093.065255130194,2016,1,97.8471929477036,4.196257559241645,1210.1654872713584,-9.676381732319793
394816,88,"Madison, WI",msa,WI,2016-02-29,1094.1568078219188,2016,2,97.9449047415224,3.2938707529269307,1213.1492782380162,-9.808559634880432
394816,88,"Madison, WI",msa,WI,2016-03-31,1095.26392869165,2016,3,98.04401014154185,2.731502645890438,1215.014135904852,-9.855869464763135
394816,88,"Madison, WI",msa,WI,2016-04-30,1096.7369701835755,2016,4,98.17587141368816,2.1666837660328397,1218.4203610418558,-9.986979432470278
394816,88,"Madison, WI",msa,WI,2016-05-31,1095.764451506733,2016,5,98.088815108338,1.920157741494788,1222.0551678578463,-10.334289291742015
394816,88,"Madison, WI",msa,WI,2016-06-30,1095.5934629867045,2016,6,98.07350884310586,2.0167825691931984,1226.7068864224605,-10.688243857351464
394816,88,"Madison, WI",msa,WI,2016-07-31,1097.4338168913025,2016,7,98.23825057535844,2.4037076887780895,1230.319911019967,-10.800938271290638
394816,88,"Madison, WI",msa,WI,2016-08-31,1100.9863509109734,2016,8,98.556260392288,2.128997704545199,1234.1399622611773,-10.789182379787887
394816,88,"Madison, WI",msa,WI,2016-09-30,1099.2467269366325,2016,9,98.40053563397656,1.7356586971704502,1237.715295542083,-11.187432934227836
394816,88,"Madison, WI",msa,WI,2016-10-31,1100.1870730003054,2016,10,98.48471196498514,1.6520442285939962,1241.4789285260877,-11.380930620669272
394816,88,"Madison, WI",msa,WI,2016-11-30,1104.7071134270227,2016,11,98.88932940725462,1.7749391660061065,1244.7491921840915,-11.25062620135907
394816,88,"Madison, WI",msa,WI,2016-12-31,1112.2102281020086,2016,12,99.5609807161462,2.1198980125891387,1247.9571419161364,-10.87753010537681
394816,88,"Madison, WI",msa,WI,2017-01-31,1117.114576515654,2017,1,100.0,2.2001725215019974,1252.6573207708043,-10.820416885580963
394816,88,"Madison, WI",msa,WI,2017-02-28,1116.796498931625,2017,2,99.9715268611908,2.0691450208836004,1258.1293102668358,-11.233567979211589
394816,88,"Madison, WI",msa,WI,2017-03-31,1123.9793976326798,2017,3,100.61451361045144,2.621785323956738,1264.85519481394,-11.137701592946614
394816,88,"Madison, WI",msa,WI,2017-04-30,1125.8229493318447,2017,4,100.77954159754611,2.652046930031071,1269.7049627952304,-11.331924949449068
394816,88,"Madison, WI",msa,WI,2017-05-31,1133.4548529607548,2017,5,101.46272162127426,3.4396444785369296,1274.4162136573475,-11.060857448765404
394816,88,"Madison, WI",msa,WI,2017-06-30,1135.4163660151771,2017,6,101.6383090762818,3.634824811742776,1278.1931527499523,-11.170204317524302
394816,88,"Madison, WI",msa,WI,2017-07-31,1139.7410034652223,2017,7,102.02543476069764,3.855101412289552,1282.1632181761709,-11.107962909241675
394816,88,"Madison, WI",msa,WI,2017-08-31,1140.6189806414586,2017,8,102.10402805763364,3.5997385160762896,1285.5404982289306,-11.27319736617618
394816,88,"Madison, WI",msa,WI,2017-09-30,1145.8679223621473,2017,9,102.57389407057748,4.241194836707685,1290.1072996395128,-11.180417110861207
394816,88,"Madison, WI",msa,WI,2017-10-31,1152.7394898301263,2017,10,103.18901158962478,4.7766800864607495,1293.9268969903303,-10.91154434524898
394816,88,"Madison, WI",msa,WI,2017-11-30,1150.943377590548,2017,11,103.02823020897354,4.185386660550328,1298.4590148443738,-11.360823527534002
394816,88,"Madison, WI",msa,WI,2017-12-31,1149.4300955319352,2017,12,102.89276674887503,3.3464777152285796,1302.8797708820805,-11.777731052363816
394816,88,"Madison, WI",msa,WI,2018-01-31,1144.968566440867,2018,1,102.49338702678924,2.493387026789251,1307.7652159038405,-12.448461503883868
394816,88,"Madison, WI",msa,WI,2018-02-28,1150.2708280199663,2018,2,102.96802603791356,2.997352617094018,1312.723232437858,-12.375221250270819
394816,88,"Madison, WI",msa,WI,2018-03-31,1152.045884843306,2018,3,103.12692261492144,2.4970642050681446,1316.8036779999602,-12.511948129344386
394816,88,"Madison, WI",msa,WI,2018-04-30,1156.6600517752886,2018,4,103.53996591674412,2.7390721126927753,1321.0657124950012,-12.444926786360355
394816,88,"Madison, WI",msa,WI,2018-05-31,1159.068482485647,2018,5,103.7555598012918,2.2597838332939046,1324.6220004893337,-12.498170643589557
394816,88,"Madison, WI",msa,WI,2018-06-30,1163.8512969312906,2018,6,104.18369981004196,2.5043615511645134,1328.9350790503258,-12.422260855436695
394816,88,"Madison, WI",msa,WI,2018-07-31,1167.4046153800375,2018,7,104.5017798461856,2.4271840559134006,1333.4667233870543,-12.453412229531535
394816,88,"Madison, WI",msa,WI,2018-08-31,1169.947168604958,2018,8,104.72937988635792,2.5712519659287114,1338.4751271715386,-12.591041487839473
394816,88,"Madison, WI",msa,WI,2018-09-30,1170.5744982363326,2018,9,104.78553613429906,2.1561451710118584,1342.544990141505,-12.809290799785156
394816,88,"Madison, WI",msa,WI,2018-10-31,1172.115615041233,2018,10,104.92349125880448,1.6808763282640804,1347.6660727567075,-13.026257858994605
394816,88,"Madison, WI",msa,WI,2018-11-30,1181.5355949019245,2018,11,105.76673330923704,2.6580123668134004,1353.2043089606334,-12.68608981821554
394816,88,"Madison, WI",msa,WI,2018-12-31,1182.7949349204375,2018,12,105.87946480920914,2.9027288843574084,1358.6777107697335,-12.945143241486823
394816,88,"Madison, WI",msa,WI,2019-01-31,1187.784366011638,2019,1,106.32610038232669,3.739473800915216,1362.624684705546,-12.831142768537907
394816,88,"Madison, WI",msa,WI,2019-02-28,1189.7215262546017,2019,2,106.4995078629636,3.4296877981809137,1365.9504305020669,-12.901559259561912
394816,88,"Madison, WI",msa,WI,2019-03-31,1191.4376191352894,2019,3,106.6531262040688,3.419285187355281,1370.0544981436085,-13.037209778905934
394816,88,"Madison, WI",msa,WI,2019-04-30,1193.749448478926,2019,4,106.860072688542,3.206594422165021,1374.7052902522796,-13.16324619221807
394816,88,"Madison, WI",msa,WI,2019-05-31,1195.8163011664883,2019,5,107.0450897611872,3.1704613865467746,1379.9949327482411,-13.346326657516316
394816,88,"Madison, WI",msa,WI,2019-06-30,1198.9266522372682,2019,6,107.32351698218734,3.013731685350196,1384.9818347934113,-13.433763381011833
394816,88,"Madison, WI",msa,WI,2019-07-31,1201.6803534244802,2019,7,107.57001821358304,2.9360632631458827,1389.9263304699757,-13.543593852333446
394816,88,"Madison, WI",msa,WI,2019-08-31,1206.462660205143,2019,8,107.99811277802591,3.121123122484759,1394.7514509988664,-13.499809636969962
394816,88,"Madison, WI",msa,WI,2019-09-30,1212.0545861470198,2019,9,108.49868148059522,3.5435666822730028,1399.7692327380648,-13.410399528775152
394816,88,"Madison, WI",msa,WI,2019-10-31,1215.7727001255637,2019,10,108.83151340819757,3.7246398328030894,1404.321156597168,-13.426306054412729
394816,88,"Madison, WI",msa,WI,2019-11-30,1217.0002690821843,2019,11,108.9414008792258,3.0015747585838692,1408.332422737298,-13.585723836651564
394816,88,"Madison, WI",msa,WI,2019-12-31,1224.011150744958,2019,12,109.56898929407228,3.4846459523681483,1412.5169889533763,-13.345385555192102
394816,88,"Madison, WI",msa,WI,2020-01-31,1230.420693045513,2020,1,110.14274801455616,3.5895679598006547,1417.4262579063345,-13.193318792968146
394816,88,"Madison, WI",msa,WI,2020-02-29,1235.825321712945,2020,2,110.62655055200842,3.8751753617070284,1422.6876575114522,-13.134459613248106
394816,88,"Madison, WI",msa,WI,2020-03-31,1237.8847864275226,2020,3,110.8109062804066,3.8984136933617464,1426.9561322626098,-13.249976054645208
394816,88,"Madison, WI",msa,WI,2020-04-30,1237.7421625683455,2020,4,110.79813911558972,3.685255238900842,1425.2251292640306,-13.15462117851508
394816,88,"Madison, WI",msa,WI,2020-05-31,1237.195488470293,2020,5,110.74920285519669,3.460329756622338,1421.431345536873,-12.96129128185185
394816,88,"Madison, WI",msa,WI,2020-06-30,1236.2862422417866,2020,6,110.66781046737712,3.1160863706552133,1418.1559191599076,-12.824378085722598
394816,88,"Madison, WI",msa,WI,2020-07-31,1237.525681168633,2020,7,110.77876049460818,2.98293365968767,1419.012870915696,-12.789678900512625
394816,88,"Madison, WI",msa,WI,2020-08-31,1241.4339017393784,2020,8,111.12861006715026,2.8986592530173327,1419.4623277502533,-12.541962018325437
394816,88,"Madison, WI",msa,WI,2020-09-30,1241.0176045938215,2020,9,111.09134467340208,2.389580368560118,1420.3833546297958,-12.627981696020619
394816,88,"Madison, WI",msa,WI,2020-10-31,1243.5969529119327,2020,10,111.32223847537506,2.288606479113686,1423.868697009807,-12.660699998283098
394816,88,"Madison, WI",msa,WI,2020-11-30,1247.5259778518305,2020,11,111.67395037874604,2.508274611366157,1429.3974153858478,-12.723643933896678
394816,88,"Madison, WI",msa,WI,2020-12-31,1252.0994620814995,2020,12,112.08335191425674,2.2947757722179496,1436.6708305550565,-12.8471577864672
394816,88,"Madison, WI",msa,WI,2021-01-31,1254.2925669919166,2021,1,112.27967062287637,1.9401391801463053,1446.6384249805324,-13.296056199475291
394816,88,"Madison, WI",msa,WI,2021-02-28,1255.162493701421,2021,2,112.35754327155468,1.5647172499810402,1457.3335989403172,-13.87267166460051
394816,88,"Madison, WI",msa,WI,2021-03-31,1265.640575298382,2021,3,113.29550270895125,2.2421948452053586,1469.1613284137954,-13.852852588704334
394816,88,"Madison, WI",msa,WI,2021-04-30,1275.2483662256732,2021,4,114.15555691729024,3.030211363205182,1484.02561343762,-14.06830484066457
394816,88,"Madison, WI",msa,WI,2021-05-31,1282.2764699609982,2021,5,114.78468698891152,3.643804225833769,1503.5005341431372,-14.713933195123019
394816,88,"Madison, WI",msa,WI,2021-06-30,1284.6656603040792,2021,6,114.99855854634238,3.9132861314193024,1526.330112129912,-15.833039648847858
394816,88,"Madison, WI",msa,WI,2021-07-31,1293.1201324218305,2021,7,115.75537188451592,4.492387681255883,1549.812021478987,-16.562775710837187
394816,88,"Madison, WI",msa,WI,2021-08-31,1303.5324788402788,2021,8,116.68744694980823,5.002165400340197,1575.2580978161243,-17.249593533437803
394816,88,"Madison, WI",msa,WI,2021-09-30,1318.1899406106477,2021,9,117.99952917293044,6.2184723029843125,1600.6564485610666,-17.646916563785208
394816,88,"Madison, WI",msa,WI,2021-10-31,1326.9753509194447,2021,10,118.78596688428853,6.704615817229054,1622.4375751731095,-18.211007238422706
394816,88,"Madison, WI",msa,WI,2021-11-30,1331.8272867785768,2021,11,119.2202943884793,6.757479236777764,1641.1037320393662,-18.845636581208545
394816,88,"Madison, WI",msa,WI,2021-12-31,1337.2100955033306,2021,12,119.70214368468515,6.797433909950135,1657.481691426089,-19.32278332722929
394816,88,"Madison, WI",msa,WI,2022-01-31,1341.6480104778789,2022,1,120.09940955766218,6.964518947557896,1671.1057250663796,-19.71495337767537
394816,88,"Madison, WI",msa,WI,2022-02-28,1347.666756130352,2022,2,120.63818559541168,7.369903330694649,1684.5847618230673,-20.00006252746229
394816,88,"Madison, WI",msa,WI,2022-03-31,1349.208074410848,2022,3,120.77615875527351,6.602782870860824,1695.8534716405886,-20.44076348733077
394816,88,"Madison, WI",msa,WI,2022-04-30,1357.520993470354,2022,4,121.52030078280256,6.451498345234619,1710.8314140906805,-20.651387255950848
394816,88,"Madison, WI",msa,WI,2022-05-31,1371.860023872947,2022,5,122.80387819769204,6.986290087244118,1724.2046266051707,-20.43519645495695
394816,88,"Madison, WI",msa,WI,2022-06-30,1389.4523465024088,2022,6,124.3786784016544,8.156728200668706,1737.9450563985945,-20.051998111973656
394816,88,"Madison, WI",msa,WI,2022-07-31,1402.9990218996911,2022,7,125.59132710233962,8.497191152075946,1748.0703180387038,-19.74012673163944
394816,88,"Madison, WI",msa,WI,2022-08-31,1413.407021550267,2022,8,126.52301306091329,8.428983895187713,1755.3069463248903,-19.478070515841328
394816,88,"Madison, WI",msa,WI,2022-09-30,1421.3810383003508,2022,9,127.2368177965882,7.8282419331693776,1760.4203615479337,-19.25899805825163
394816,88,"Madison, WI",msa,WI,2022-10-31,1424.9308445080546,2022,10,127.55458342979442,7.381862332313682,1764.4286581456008,-19.241232116143216
394816,88,"Madison, WI",msa,WI,2022-11-30,1432.9982426506572,2022,11,128.27674732526208,7.59640209180521,1768.876008593712,-18.988202921587682
394816,88,"Madison, WI",msa,WI,2022-12-31,1443.496055995328,2022,12,129.2164730763497,7.948336678687062,1774.2248470224465,-18.640748470080137
394816,88,"Madison, WI",msa,WI,2023-01-31,1463.7558478044891,2023,1,131.03005533864123,9.101331822727253,1779.5674401720833,-17.74653689646375
394816,88,"Madison, WI",msa,WI,2023-02-28,1481.9125730904304,2023,2,132.65537879852957,9.9613510795167,1784.8631152124492,-16.973320785216583
394816,88,"Madison, WI",msa,WI,2023-03-31,1497.3831984523283,2023,3,134.0402524441812,10.982377503646589,1792.580790768988,-16.467742700178366
394816,88,"Madison, WI",msa,WI,2023-04-30,1508.3767788444843,2023,4,135.02435744319084,11.112593182701659,1797.277747138996,-16.074364062783275
394816,88,"Madison, WI",msa,WI,2023-05-31,1519.7932558172567,2023,5,136.04631859317251,10.783405695187032,1802.2203312183512,-15.671062550391158
394816,88,"Madison, WI",msa,WI,2023-06-30,1531.8237180305384,2023,6,137.12324145016407,10.24658181955742,1802.9591708111727,-15.038357893520526
394816,88,"Madison, WI",msa,WI,2023-07-31,1542.9436088764894,2023,7,138.11865329776836,9.974674592952336,1806.1444257320632,-14.572523276974024
394816,88,"Madison, WI",msa,WI,2023-08-31,1551.7080264011806,2023,8,138.9032118120819,9.784938290402788,1809.5125074509529,-14.247178728426668
394816,88,"Madison, WI",msa,WI,2023-09-30,1552.5776080328544,2023,9,138.98105357065836,9.230218090525888,1813.4032813549056,-14.383213927305361
394816,88,"Madison, WI",msa,WI,2023-10-31,1554.9590539274006,2023,10,139.19423187345822,9.125229474854768,1818.101185954859,-14.473459126492848
394816,88,"Madison, WI",msa,WI,2023-11-30,1559.5120029128063,2023,11,139.60179516921315,8.828605402064781,1822.520836912919,-14.43104674981993
394816,88,"Madison, WI",msa,WI,2023-12-31,1568.1554383375426,2023,12,140.3755238096267,8.635935084440426,1827.6069266184024,-14.196241243237107
394816,88,"Madison, WI",msa,WI,2024-01-31,1576.239789172192,2024,1,141.09920524791434,7.684610895759669,1832.8146188084484,-13.998951503511082
394816,88,"Madison, WI",msa,WI,2024-02-29,1581.5935050775115,2024,2,141.57845026161905,6.726505584550324,1837.8398549659364,-13.942800793879528
394816,88,"Madison, WI",msa,WI,2024-03-31,1590.5256178074242,2024,3,142.37802023570106,6.220346231436702,1841.9148840175228,-13.648256409209136
394816,88,"Madison, WI",msa,WI,2024-04-30,1595.01547436404,2024,4,142.77993572861496,5.743836469421559,1845.8650088491368,-13.589809291715039
394816,88,"Madison, WI",msa,WI,2024-05-31,1598.221816339276,2024,5,143.06695570334637,5.160475625340566,1850.519825047151,-13.63389925862839
394816,88,"Madison, WI",msa,WI,2024-06-30,1600.941149509286,2024,6,143.3103804358829,4.512100881138714,1855.7528781698825,-13.730908444657143
394816,88,"Madison, WI",msa,WI,2024-07-31,1603.0689033482874,2024,7,143.50084915625695,3.896791439810232,1860.228440322537,-13.824083720043634
394816,88,"Madison, WI",msa,WI,2024-08-31,1608.2265202773974,2024,8,143.9625401087819,3.642340757062268,1864.0972044094824,-13.726252232277814
394816,88,"Madison, WI",msa,WI,2024-09-30,1611.0639102829984,2024,9,144.21653285628062,3.767045328204066,1868.0531239652537,-13.757061316155339
394816,88,"Madison, WI",msa,WI,2024-10-31,1623.1892259463025,2024,10,145.30194664625404,4.38790795465458,1871.9279175373215,-13.287834924661823
394816,88,"Madison, WI",msa,WI,2024-11-30,1632.840580761279,2024,11,146.16590053405304,4.702020741841806,1877.189376463486,-13.016736551244811
394816,88,"Madison, WI",msa,WI,2024-12-31,1646.737795424788,2024,12,147.40992822428828,5.011133154666947,1881.7607218621977,-12.489522376938034
394816,88,"Madison, WI",msa,WI,2025-01-31,1645.560251228438,2025,1,147.30451878633943,4.397837342543642,1886.853535076075,-12.788130046241697
394816,88,"Madison, WI",msa,WI,2025-02-28,1647.8887424610816,2025,2,147.51295678201097,4.1916735982246545,1890.8444763946889,-12.84905961154752
394816,88,"Madison, WI",msa,WI,2025-03-31,1647.278883161306,2025,3,147.45836441408414,3.5682081897000506,1894.48027883107,-13.04850720442927
394816,88,"Madison, WI",msa,WI,2025-04-30,1651.868464896112,2025,4,147.86920693921897,3.5644162358199116,1896.7962644224117,-12.9127099267502
394816,88,"Madison, WI",msa,WI,2025-05-31,1656.5092329606357,2025,5,148.2846314768701,3.647016704781736,1899.627007310183,-12.798184770693222
394816,88,"Madison, WI",msa,WI,2025-06-30,1660.3350417097604,2025,6,148.6271038453766,3.7099360097452294,1903.4733146735937,-12.773400661281475
394816,88,"Madison, WI",msa,WI,2025-07-31,1665.5140090308437,2025,7,149.09070600669088,3.8953475768963353,1907.061469409747,-12.66595042967673
394816,88,"Madison, WI",msa,WI,2025-08-31,1669.7497625514118,2025,8,149.46987512771156,3.8255333747016174,1911.15585277634,-12.631418305013542
394816,88,"Madison, WI",msa,WI,2025-09-30,1679.556741379263,2025,9,150.34775990640986,4.251403725146652,1914.9578386208484,-12.292756137708027
394816,88,"Madison, WI",msa,WI,2025-10-31,1681.9783873528245,2025,10,150.564536772854,3.6218304352191977,1918.3626462078796,-12.3221883684155
394816,88,"Madison, WI",msa,WI,2025-11-30,1683.8679695483938,2025,11,150.73368524117527,3.1250686312147113,1920.4503266188883,-12.319108377409439
394816,88,"Madison, WI",msa,WI,2025-12-31,1679.451950419108,2025,12,150.33837940396563,1.9866037620082322,1922.2515912828037,-12.63100220412171
394816,88,"Madison, WI",msa,WI,2026-01-31,1684.4352847813625,2026,1,150.784469220267,2.3624193355365586,1923.3272225400376,-12.42076412994264
394816,88,"Madison, WI",msa,WI,2026-02-28,1688.1906526202197,2026,2,151.12063597682032,2.4456693659395956,1925.0133364214537,-12.302391849475747
394816,88,"Madison, WI",msa,WI,2026-03-31,1692.9012647510865,2026,3,151.54231269914538,2.7695602764133076,1926.6878481301744,-12.134118331932953
394816,88,"Madison, WI",msa,WI,2026-04-30,1696.2220410123537,2026,4,151.83957641148768,2.6850549579945593,1929.6422102592069,-12.096551785913622
102001,0,United States,country,,2015-01-31,1153.9791960587163,2015,1,92.12249646604326,,1153.9791960587163,0.0
102001,0,United States,country,,2015-02-28,1159.2929208633752,2015,2,92.5466926701088,,1159.2929208633752,0.0
102001,0,United States,country,,2015-03-31,1165.0143381621383,2015,3,93.0034350851248,,1165.0143381621383,0.0
102001,0,United States,country,,2015-04-30,1169.6829461113546,2015,4,93.37613142208816,,1169.6829461113546,0.0
102001,0,United States,country,,2015-05-31,1173.8199046303578,2015,5,93.70638602966572,,1173.8199046303578,0.0
102001,0,United States,country,,2015-06-30,1177.7369717516628,2015,6,94.01908664270286,,1177.7369717516628,0.0
102001,0,United States,country,,2015-07-31,1182.2265930193005,2015,7,94.37749442056784,,1182.2265930193005,0.0
102001,0,United States,country,,2015-08-31,1187.2124991920334,2015,8,94.77552076744338,,1187.2124991920334,0.0
102001,0,United States,country,,2015-09-30,1192.4133245161288,2015,9,95.19070417298124,,1192.4133245161288,0.0
102001,0,United States,country,,2015-10-31,1197.457543918654,2015,10,95.59338568203282,,1197.457543918654,0.0
102001,0,United States,country,,2015-11-30,1202.242744489147,2015,11,95.97538964202631,,1202.242744489147,0.0
102001,0,United States,country,,2015-12-31,1206.6350266640156,2015,12,96.3260268116687,,1206.6350266640156,0.0
102001,0,United States,country,,2016-01-31,1210.1654872713584,2016,1,96.6078645137124,4.868917169784348,1210.1654872713584,0.0
102001,0,United States,country,,2016-02-29,1213.1492782380162,2016,2,96.84606141857876,4.645621171785641,1213.1492782380162,0.0
102001,0,United States,country,,2016-03-31,1215.014135904852,2016,3,96.99493355111764,4.2917753116747726,1215.014135904852,0.0
102001,0,United States,country,,2016-04-30,1218.4203610418558,2016,4,97.26685349925698,4.166720143482494,1218.4203610418558,0.0
102001,0,United States,country,,2016-05-31,1222.0551678578463,2016,5,97.5570211896317,4.10925586090467,1222.0551678578463,0.0
102001,0,United States,country,,2016-06-30,1226.7068864224605,2016,6,97.92836924208645,4.157967003274421,1226.7068864224605,0.0
102001,0,United States,country,,2016-07-31,1230.319911019967,2016,7,98.21679805159386,4.068028775925314,1230.319911019967,0.0
102001,0,United States,country,,2016-08-31,1234.1399622611773,2016,8,98.52175385857063,3.9527433463748762,1234.1399622611773,0.0
102001,0,United States,country,,2016-09-30,1237.715295542083,2016,9,98.80717375925867,3.7991835628251813,1237.715295542083,0.0
102001,0,United States,country,,2016-10-31,1241.4789285260877,2016,10,99.10762568027478,3.6762376111786566,1241.4789285260877,0.0
102001,0,United States,country,,2016-11-30,1244.7491921840915,2016,11,99.3686917838115,3.5355961090042687,1244.7491921840915,0.0
102001,0,United States,country,,2016-12-31,1247.9571419161364,2016,12,99.62478334842798,3.424574485158449,1247.9571419161364,0.0
102001,0,United States,country,,2017-01-31,1252.6573207708043,2017,1,100.0,3.5112415571572075,1252.6573207708043,0.0
102001,0,United States,country,,2017-02-28,1258.1293102668358,2017,2,100.43683052062988,3.7077079330376295,1258.1293102668358,0.0
102001,0,United States,country,,2017-03-31,1264.85519481394,2017,3,100.9737598496315,4.102097040374764,1264.85519481394,0.0
102001,0,United States,country,,2017-04-30,1269.7049627952304,2017,4,101.36091824489846,4.209105772782862,1269.7049627952304,0.0
102001,0,United States,country,,2017-05-31,1274.4162136573475,2017,5,101.73701877806089,4.284671197887535,1274.4162136573475,0.0
102001,0,United States,country,,2017-06-30,1278.1931527499523,2017,6,102.03853292961516,4.197112358082977,1278.1931527499523,0.0
102001,0,United States,country,,2017-07-31,1282.1632181761709,2017,7,102.35546441282206,4.213807050657614,1282.1632181761709,0.0
102001,0,United States,country,,2017-08-31,1285.5404982289306,2017,8,102.62507366642714,4.164887090567726,1285.5404982289306,0.0
102001,0,United States,country,,2017-09-30,1290.1072996395128,2017,9,102.98964275765891,4.232960866374658,1290.1072996395128,0.0
102001,0,United States,country,,2017-10-31,1293.9268969903303,2017,10,103.294562330433,4.224636218877276,1293.9268969903303,0.0
102001,0,United States,country,,2017-11-30,1298.4590148443738,2017,11,103.65636262321016,4.314911228505447,1298.4590148443738,0.0
102001,0,United States,country,,2017-12-31,1302.8797708820805,2017,12,104.00927286964424,4.40100281662037,1302.8797708820805,0.0
102001,0,United States,country,,2018-01-31,1307.7652159038405,2018,1,104.39927937347832,4.399279373478326,1307.7652159038405,0.0
102001,0,United States,country,,2018-02-28,1312.723232437858,2018,2,104.7950792823446,4.339293403747457,1312.723232437858,0.0
102001,0,United States,country,,2018-03-31,1316.8036779999602,2018,3,105.12082244405713,4.107069599667645,1316.8036779999602,0.0
102001,0,United States,country,,2018-04-30,1321.0657124950012,2018,4,105.4610619033546,4.045093246442155,1321.0657124950012,0.0
102001,0,United States,country,,2018-05-31,1324.6220004893337,2018,5,105.74496141324964,3.9395125622189386,1324.6220004893337,0.0
102001,0,United States,country,,2018-06-30,1328.9350790503258,2018,6,106.08927573524936,3.9698167832620257,1328.9350790503258,0.0
102001,0,United States,country,,2018-07-31,1333.4667233870543,2018,7,106.45103822700092,4.001324050136201,1333.4667233870543,0.0
102001,0,United States,country,,2018-08-31,1338.4751271715386,2018,8,106.85086056479736,4.117694387344106,1338.4751271715386,0.0
102001,0,United States,country,,2018-09-30,1342.544990141505,2018,9,107.17575891508696,4.064599162925786,1342.544990141505,0.0
102001,0,United States,country,,2018-10-31,1347.6660727567075,2018,10,107.5845764368695,4.1531848430830465,1347.6660727567075,0.0
102001,0,United States,country,,2018-11-30,1353.2043089606334,2018,11,108.02669545155086,4.21617421038285,1353.2043089606334,0.0
102001,0,United States,country,,2018-12-31,1358.6777107697335,2018,12,108.46363871754576,4.282662232899392,1358.6777107697335,0.0
102001,0,United States,country,,2019-01-31,1362.624684705546,2019,1,108.77872680032516,4.194901969753828,1362.624684705546,0.0
102001,0,United States,country,,2019-02-28,1365.9504305020669,2019,2,109.04422205919408,4.054715933179653,1365.9504305020669,0.0
102001,0,United States,country,,2019-03-31,1370.0544981436085,2019,3,109.37185097841169,4.043945276985306,1370.0544981436085,0.0
102001,0,United States,country,,2019-04-30,1374.7052902522796,2019,4,109.74312507161774,4.060326238879752,1374.7052902522796,0.0
102001,0,United States,country,,2019-05-31,1379.9949327482411,2019,5,110.16539877794204,4.1802817889520005,1379.9949327482411,0.0
102001,0,United States,country,,2019-06-30,1384.9818347934113,2019,6,110.56350462560528,4.217418640430282,1384.9818347934113,0.0
102001,0,United States,country,,2019-07-31,1389.9263304699757,2019,7,110.95822516046968,4.2340469464068775,1389.9263304699757,0.0
102001,0,United States,country,,2019-08-31,1394.7514509988664,2019,8,111.34341594240848,4.204510243402937,1394.7514509988664,0.0
102001,0,United States,country,,2019-09-30,1399.7692327380648,2019,9,111.74398692507042,4.262370573557339,1399.7692327380648,0.0
102001,0,United States,country,,2019-10-31,1404.321156597168,2019,10,112.10736833701972,4.203940797038119,1404.321156597168,0.0
102001,0,United States,country,,2019-11-30,1408.332422737298,2019,11,112.42758888525884,4.073894341868245,1408.332422737298,0.0
102001,0,United States,country,,2019-12-31,1412.5169889533763,2019,12,112.76164402920703,3.9626232002541117,1412.5169889533763,0.0
102001,0,United States,country,,2020-01-31,1417.4262579063345,2020,1,113.1535524044311,4.021765774236696,1417.4262579063345,0.0
102001,0,United States,country,,2020-02-29,1422.6876575114522,2020,2,113.57357147252549,4.1536812568323755,1422.6876575114522,0.0
102001,0,United States,country,,2020-03-31,1426.9561322626098,2020,3,113.91432505935089,4.153238735838727,1426.9561322626098,0.0
102001,0,United States,country,,2020-04-30,1425.2251292640306,2020,4,113.7761385840973,3.6749577796765243,1425.2251292640306,0.0
102001,0,United States,country,,2020-05-31,1421.431345536873,2020,5,113.47327972044393,3.002649633365828,1421.431345536873,0.0
102001,0,United States,country,,2020-06-30,1418.1559191599076,2020,6,113.21180147554372,2.3952721640890573,1418.1559191599076,0.0
102001,0,United States,country,,2020-07-31,1419.012870915696,2020,7,113.2802121846482,2.0926677772832303,1419.012870915696,0.0
102001,0,United States,country,,2020-08-31,1419.4623277502533,2020,8,113.3160924551024,1.7717046814104354,1419.4623277502533,0.0
102001,0,United States,country,,2020-09-30,1420.3833546297958,2020,9,113.3896183000618,1.47268002536447,1420.3833546297958,0.0
102001,0,United States,country,,2020-10-31,1423.868697009807,2020,10,113.66785420083204,1.3919565564336267,1423.868697009807,0.0
102001,0,United States,country,,2020-11-30,1429.3974153858478,2020,11,114.1092134045318,1.4957400900851958,1429.3974153858478,0.0
102001,0,United States,country,,2020-12-31,1436.6708305550565,2020,12,114.68985226310912,1.7099859180863541,1436.6708305550565,0.0
102001,0,United States,country,,2021-01-31,1446.6384249805324,2021,1,115.48556823907472,2.0609302890541192,1446.6384249805324,0.0
102001,0,United States,country,,2021-02-28,1457.3335989403172,2021,2,116.3393671018957,2.4352458001545507,1457.3335989403172,0.0
102001,0,United States,country,,2021-03-31,1469.1613284137954,2021,3,117.28357820235853,2.95770803299078,1469.1613284137954,0.0
102001,0,United States,country,,2021-04-30,1484.02561343762,2021,4,118.47019841982376,4.125697966324338,1484.02561343762,0.0
102001,0,United States,country,,2021-05-31,1503.5005341431372,2021,5,120.02488703119384,5.7737004930946245,1503.5005341431372,0.0
102001,0,United States,country,,2021-06-30,1526.330112129912,2021,6,121.8473789137086,7.6278067530180405,1526.330112129912,0.0
102001,0,United States,country,,2021-07-31,1549.812021478987,2021,7,123.72194659951636,9.217615515980881,1549.812021478987,0.0
102001,0,United States,country,,2021-08-31,1575.2580978161243,2021,8,125.75331430999918,10.975688964764307,1575.2580978161243,0.0
102001,0,United States,country,,2021-09-30,1600.6564485610666,2021,9,127.78087207250952,12.691861907819701,1600.6564485610666,0.0
102001,0,United States,country,,2021-10-31,1622.4375751731095,2021,10,129.51966577537473,13.94572958730722,1622.4375751731095,0.0
102001,0,United States,country,,2021-11-30,1641.1037320393662,2021,11,131.00979053309942,14.810878652412484,1641.1037320393662,0.0
102001,0,United States,country,,2021-12-31,1657.481691426089,2021,12,132.31724781731862,15.369620944118578,1657.481691426089,0.0
102001,0,United States,country,,2022-01-31,1671.1057250663796,2022,1,133.40485840437904,15.516475728125911,1671.1057250663796,0.0
102001,0,United States,country,,2022-02-28,1684.5847618230673,2022,2,134.48089384784683,15.593626815987305,1684.5847618230673,0.0
102001,0,United States,country,,2022-03-31,1695.8534716405886,2022,3,135.3804782458039,15.430037453514057,1695.8534716405886,0.0
102001,0,United States,country,,2022-04-30,1710.8314140906805,2022,4,136.57617176882383,15.283145964555423,1710.8314140906805,0.0
102001,0,United States,country,,2022-05-31,1724.2046266051707,2022,5,137.6437592321104,14.67934912226787,1724.2046266051707,0.0
102001,0,United States,country,,2022-06-30,1737.9450563985945,2022,6,138.74066175809162,13.864297283199445,1737.9450563985945,0.0
102001,0,United States,country,,2022-07-31,1748.0703180387038,2022,7,139.54896435387886,12.792409260738523,1748.0703180387038,0.0
102001,0,United States,country,,2022-08-31,1755.3069463248903,2022,8,140.12666650483374,11.429799901259274,1755.3069463248903,0.0
102001,0,United States,country,,2022-09-30,1760.4203615479337,2022,9,140.53487193645944,9.981149492165486,1760.4203615479337,0.0
102001,0,United States,country,,2022-10-31,1764.4286581456008,2022,10,140.85485542525592,8.751713171913034,1764.4286581456008,0.0
102001,0,United States,country,,2022-11-30,1768.876008593712,2022,11,141.20988871124467,7.78575260416754,1768.876008593712,0.0
102001,0,United States,country,,2022-12-31,1774.2248470224465,2022,12,141.63688804618195,7.043405438518735,1774.2248470224465,0.0
102001,0,United States,country,,2023-01-31,1779.5674401720833,2023,1,142.06338881866373,6.490416104665986,1779.5674401720833,0.0
102001,0,United States,country,,2023-02-28,1784.8631152124492,2023,2,142.4861441047708,5.952704527664143,1784.8631152124492,0.0
102001,0,United States,country,,2023-03-31,1792.580790768988,2023,3,143.10224839990155,5.703754525137383,1792.580790768988,0.0
102001,0,United States,country,,2023-04-30,1797.277747138996,2023,4,143.4772077995814,5.052884365831112,1797.277747138996,0.0
102001,0,United States,country,,2023-05-31,1802.2203312183512,2023,5,143.87177573108195,4.524735835258009,1802.2203312183512,0.0
102001,0,United States,country,,2023-06-30,1802.9591708111727,2023,6,143.93075751169908,3.7408613220087483,1802.9591708111727,0.0
102001,0,United States,country,,2023-07-31,1806.1444257320632,2023,7,144.18503734290863,3.32218372991524,1806.1444257320632,0.0
102001,0,United States,country,,2023-08-31,1809.5125074509529,2023,8,144.45391229083273,3.0880958592201413,1809.5125074509529,0.0
102001,0,United States,country,,2023-09-30,1813.4032813549056,2023,9,144.7645139086446,3.0096743348494437,1813.4032813549056,0.0
102001,0,United States,country,,2023-10-31,1818.101185954859,2023,10,145.13954900579807,3.0419211092199916,1818.101185954859,0.0
102001,0,United States,country,,2023-11-30,1822.520836912919,2023,11,145.492371033401,3.0327071009265127,1822.520836912919,0.0
102001,0,United States,country,,2023-12-31,1827.6069266184024,2023,12,145.89839506097417,3.0087550450859313,1827.6069266184024,0.0
102001,0,United States,country,,2024-01-31,1832.8146188084484,2024,1,146.31412665042765,2.992141653885061,1832.8146188084484,0.0
102001,0,United States,country,,2024-02-29,1837.8398549659364,2024,2,146.71529272148018,2.9681121931404597,1837.8398549659364,0.0
102001,0,United States,country,,2024-03-31,1841.9148840175228,2024,3,147.0406034815753,2.7521266267374944,1841.9148840175228,0.0
102001,0,United States,country,,2024-04-30,1845.8650088491368,2024,4,147.35594310128735,2.7033808095317857,1845.8650088491368,0.0
102001,0,United States,country,,2024-05-31,1850.519825047151,2024,5,147.7275384387217,2.679999386986598,1850.519825047151,0.0
102001,0,United States,country,,2024-06-30,1855.7528781698825,2024,6,148.14529459884304,2.9281698783537813,1855.7528781698825,0.0
102001,0,United States,country,,2024-07-31,1860.228440322537,2024,7,148.50258003345022,2.9944457275919323,1860.228440322537,0.0
102001,0,United States,country,,2024-08-31,1864.0972044094824,2024,8,148.81142460113813,3.0165415676193685,1864.0972044094824,0.0
102001,0,United States,country,,2024-09-30,1868.0531239652537,2024,9,149.12722681537315,3.013661835304271,1868.0531239652537,0.0
102001,0,United States,country,,2024-10-31,1871.9279175373215,2024,10,149.43655271862048,2.960601532977547,1871.9279175373215,0.0
102001,0,United States,country,,2024-11-30,1877.189376463486,2024,11,149.85657652233135,2.9996112221777116,1877.189376463486,0.0
102001,0,United States,country,,2024-12-31,1881.7607218621977,2024,12,150.22150836146344,2.9630985993249315,1881.7607218621977,0.0
102001,0,United States,country,,2025-01-31,1886.853535076075,2025,1,150.6280691286766,2.9484114603340883,1886.853535076075,0.0
102001,0,United States,country,,2025-02-28,1890.8444763946889,2025,2,150.94666714047426,2.884071824078216,1890.8444763946889,0.0
102001,0,United States,country,,2025-03-31,1894.48027883107,2025,3,151.23691431151573,2.8538449452611747,1894.48027883107,0.0
102001,0,United States,country,,2025-04-30,1896.7962644224117,2025,4,151.4218001181078,2.759208031416649,1896.7962644224117,0.0
102001,0,United States,country,,2025-05-31,1899.627007310183,2025,5,151.6477791501091,2.65369663152788,1899.627007310183,0.0
102001,0,United States,country,,2025-06-30,1903.4733146735937,2025,6,151.95483099099437,2.5714865952826793,1903.4733146735937,0.0
102001,0,United States,country,,2025-07-31,1907.061469409747,2025,7,152.24127443220183,2.517595585147059,1907.061469409747,0.0
102001,0,United States,country,,2025-08-31,1911.15585277634,2025,8,152.5681302529201,2.5244739520847714,1911.15585277634,0.0
102001,0,United States,country,,2025-09-30,1914.9578386208484,2025,9,152.87164389399865,2.510887621655633,1914.9578386208484,0.0
102001,0,United States,country,,2025-10-31,1918.3626462078796,2025,10,153.14345067870943,2.4805831589737037,1918.3626462078796,0.0
102001,0,United States,country,,2025-11-30,1920.4503266188883,2025,11,153.31011081603444,2.3045597155947783,1920.4503266188883,0.0
102001,0,United States,country,,2025-12-31,1922.2515912828037,2025,12,153.45390630056545,2.1517544154357804,1922.2515912828037,0.0
102001,0,United States,country,,2026-01-31,1923.3272225400376,2026,1,153.53977425817834,1.9330428560525137,1923.3272225400376,0.0
102001,0,United States,country,,2026-02-28,1925.0133364214537,2026,2,153.67437722209016,1.8070687702415045,1925.0133364214537,0.0
102001,0,United States,country,,2026-03-31,1926.6878481301744,2026,3,153.80805398116505,1.7000741395406305,1926.6878481301744,0.0
102001,0,United States,country,,2026-04-30,1929.6422102592069,2026,4,154.04390157332332,1.7316538656721336,1929.6422102592069,0.0
