RegionID,SizeRank,RegionName,RegionType,StateName,date,zori,year,month,zori_indexed
102001,0,United States,country,,2015-01-31,1153.9791960587163,2015,1,92.12249646604326
394355,29,"Austin, TX",msa,TX,2015-01-31,1190.237574412731,2015,1,93.47301508564847
394816,88,"Madison, WI",msa,WI,2015-01-31,1049.0446401193658,2015,1,93.90662893249478
102001,0,United States,country,,2015-02-28,1159.2929208633752,2015,2,92.5466926701088
394355,29,"Austin, TX",msa,TX,2015-02-28,1198.0586903328906,2015,2,94.08723135818751
394816,88,"Madison, WI",msa,WI,2015-02-28,1059.265956291908,2015,2,94.82160367075511
102001,0,United States,country,,2015-03-31,1165.0143381621383,2015,3,93.00343508512479
394355,29,"Austin, TX",msa,TX,2015-03-31,1199.869501630156,2015,3,94.2294399351517
394816,88,"Madison, WI",msa,WI,2015-03-31,1066.1422255906853,2015,3,95.43714208045206
102001,0,United States,country,,2015-04-30,1169.6829461113546,2015,4,93.37613142208815
394355,29,"Austin, TX",msa,TX,2015-04-30,1200.2760087793315,2015,4,94.26136419103487
394816,88,"Madison, WI",msa,WI,2015-04-30,1073.4780945764685,2015,4,96.09382216860062
102001,0,United States,country,,2015-05-31,1173.8199046303578,2015,5,93.70638602966571
394355,29,"Austin, TX",msa,TX,2015-05-31,1202.5583424652114,2015,5,94.44060287046909
394816,88,"Madison, WI",msa,WI,2015-05-31,1075.1204430883784,2015,5,96.24083918426184
102001,0,United States,country,,2015-06-30,1177.7369717516628,2015,6,94.01908664270286
394355,29,"Austin, TX",msa,TX,2015-06-30,1208.1568292401678,2015,6,94.88026924466376
394816,88,"Madison, WI",msa,WI,2015-06-30,1073.9345384114763,2015,6,96.13468134675506
102001,0,United States,country,,2015-07-31,1182.2265930193005,2015,7,94.37749442056784
394355,29,"Austin, TX",msa,TX,2015-07-31,1214.958771914251,2015,7,95.41444670961229
394816,88,"Madison, WI",msa,WI,2015-07-31,1071.6739087480958,2015,7,95.93231806988945
102001,0,United States,country,,2015-08-31,1187.2124991920334,2015,8,94.77552076744338
394355,29,"Austin, TX",msa,TX,2015-08-31,1222.9166964856254,2015,8,96.03940698603238
394816,88,"Madison, WI",msa,WI,2015-08-31,1078.0350102877535,2015,8,96.50174055110872
102001,0,United States,country,,2015-09-30,1192.4133245161288,2015,9,95.19070417298123
394355,29,"Austin, TX",msa,TX,2015-09-30,1228.942638054147,2015,9,96.51264269900973
394816,88,"Madison, WI",msa,WI,2015-09-30,1080.4930552508483,2015,9,96.72177572160679
102001,0,United States,country,,2015-10-31,1197.457543918654,2015,10,95.59338568203282
394355,29,"Austin, TX",msa,TX,2015-10-31,1235.3000653863528,2015,10,97.01191100787857
394816,88,"Madison, WI",msa,WI,2015-10-31,1082.3068845779596,2015,10,96.8841430709586
102001,0,United States,country,,2015-11-30,1202.242744489147,2015,11,95.97538964202633
394355,29,"Austin, TX",msa,TX,2015-11-30,1239.7431712714813,2015,11,97.36084176956508
394816,88,"Madison, WI",msa,WI,2015-11-30,1085.441192576027,2015,11,97.16471482823023
102001,0,United States,country,,2015-12-31,1206.6350266640156,2015,12,96.3260268116687
394355,29,"Austin, TX",msa,TX,2015-12-31,1245.0974154264106,2015,12,97.78132702009408
394816,88,"Madison, WI",msa,WI,2015-12-31,1089.1219534560223,2015,12,97.49420304343872
102001,0,United States,country,,2016-01-31,1210.1654872713584,2016,1,96.6078645137124
394355,29,"Austin, TX",msa,TX,2016-01-31,1247.4360340479338,2016,1,97.96498592852426
394816,88,"Madison, WI",msa,WI,2016-01-31,1093.065255130194,2016,1,97.84719294770359
102001,0,United States,country,,2016-02-29,1213.1492782380162,2016,2,96.84606141857876
394355,29,"Austin, TX",msa,TX,2016-02-29,1246.7848506342978,2016,2,97.91384649354518
394816,88,"Madison, WI",msa,WI,2016-02-29,1094.1568078219188,2016,2,97.94490474152241
102001,0,United States,country,,2016-03-31,1215.014135904852,2016,3,96.99493355111764
394355,29,"Austin, TX",msa,TX,2016-03-31,1244.8291246715312,2016,3,97.76025732248303
394816,88,"Madison, WI",msa,WI,2016-03-31,1095.26392869165,2016,3,98.04401014154183
102001,0,United States,country,,2016-04-30,1218.4203610418558,2016,4,97.26685349925698
394355,29,"Austin, TX",msa,TX,2016-04-30,1248.001813952694,2016,4,98.00941836345129
394816,88,"Madison, WI",msa,WI,2016-04-30,1096.7369701835755,2016,4,98.17587141368816
102001,0,United States,country,,2016-05-31,1222.0551678578463,2016,5,97.5570211896317
394355,29,"Austin, TX",msa,TX,2016-05-31,1251.7727735658098,2016,5,98.30556341245804
394816,88,"Madison, WI",msa,WI,2016-05-31,1095.764451506733,2016,5,98.088815108338
102001,0,United States,country,,2016-06-30,1226.7068864224605,2016,6,97.92836924208645
394355,29,"Austin, TX",msa,TX,2016-06-30,1256.6490808976798,2016,6,98.68851481526436
394816,88,"Madison, WI",msa,WI,2016-06-30,1095.5934629867045,2016,6,98.07350884310586
102001,0,United States,country,,2016-07-31,1230.319911019967,2016,7,98.21679805159386
394355,29,"Austin, TX",msa,TX,2016-07-31,1259.4710932489486,2016,7,98.91013611907186
394816,88,"Madison, WI",msa,WI,2016-07-31,1097.4338168913025,2016,7,98.23825057535844
102001,0,United States,country,,2016-08-31,1234.1399622611773,2016,8,98.52175385857063
394355,29,"Austin, TX",msa,TX,2016-08-31,1262.124228749952,2016,8,99.11849500476066
394816,88,"Madison, WI",msa,WI,2016-08-31,1100.9863509109734,2016,8,98.556260392288
102001,0,United States,country,,2016-09-30,1237.715295542083,2016,9,98.80717375925867
394355,29,"Austin, TX",msa,TX,2016-09-30,1264.160813790087,2016,9,99.2784342877006
394816,88,"Madison, WI",msa,WI,2016-09-30,1099.2467269366325,2016,9,98.40053563397656
102001,0,United States,country,,2016-10-31,1241.4789285260877,2016,10,99.10762568027478
394355,29,"Austin, TX",msa,TX,2016-10-31,1264.9055717692122,2016,10,99.33692242092246
394816,88,"Madison, WI",msa,WI,2016-10-31,1100.1870730003054,2016,10,98.48471196498514
102001,0,United States,country,,2016-11-30,1244.7491921840915,2016,11,99.3686917838115
394355,29,"Austin, TX",msa,TX,2016-11-30,1265.9182672986733,2016,11,99.41645251351694
394816,88,"Madison, WI",msa,WI,2016-11-30,1104.7071134270227,2016,11,98.88932940725462
102001,0,United States,country,,2016-12-31,1247.9571419161364,2016,12,99.62478334842798
394355,29,"Austin, TX",msa,TX,2016-12-31,1268.7313660178784,2016,12,99.63737380240116
394816,88,"Madison, WI",msa,WI,2016-12-31,1112.2102281020086,2016,12,99.56098071614619
102001,0,United States,country,,2017-01-31,1252.6573207708043,2017,1,100.0
394355,29,"Austin, TX",msa,TX,2017-01-31,1273.3488625804218,2017,1,100.0
394816,88,"Madison, WI",msa,WI,2017-01-31,1117.114576515654,2017,1,100.0
102001,0,United States,country,,2017-02-28,1258.1293102668358,2017,2,100.43683052062988
394355,29,"Austin, TX",msa,TX,2017-02-28,1279.1982834163384,2017,2,100.45937299728394
394816,88,"Madison, WI",msa,WI,2017-02-28,1116.796498931625,2017,2,99.9715268611908
102001,0,United States,country,,2017-03-31,1264.85519481394,2017,3,100.9737598496315
394355,29,"Austin, TX",msa,TX,2017-03-31,1287.3168219641882,2017,3,101.09694678294684
394816,88,"Madison, WI",msa,WI,2017-03-31,1123.9793976326798,2017,3,100.61451361045144
102001,0,United States,country,,2017-04-30,1269.7049627952304,2017,4,101.36091824489846
394355,29,"Austin, TX",msa,TX,2017-04-30,1291.2208475129764,2017,4,101.40354190887935
394816,88,"Madison, WI",msa,WI,2017-04-30,1125.8229493318447,2017,4,100.77954159754611
102001,0,United States,country,,2017-05-31,1274.4162136573475,2017,5,101.73701877806087
394355,29,"Austin, TX",msa,TX,2017-05-31,1292.936193506577,2017,5,101.53825330212034
394816,88,"Madison, WI",msa,WI,2017-05-31,1133.4548529607548,2017,5,101.46272162127426
102001,0,United States,country,,2017-06-30,1278.1931527499523,2017,6,102.03853292961517
394355,29,"Austin, TX",msa,TX,2017-06-30,1293.4032074219162,2017,6,101.57492934032662
394816,88,"Madison, WI",msa,WI,2017-06-30,1135.4163660151771,2017,6,101.6383090762818
102001,0,United States,country,,2017-07-31,1282.1632181761709,2017,7,102.35546441282206
394355,29,"Austin, TX",msa,TX,2017-07-31,1292.6645809340464,2017,7,101.51692273195907
394816,88,"Madison, WI",msa,WI,2017-07-31,1139.7410034652223,2017,7,102.02543476069764
102001,0,United States,country,,2017-08-31,1285.5404982289306,2017,8,102.62507366642714
394355,29,"Austin, TX",msa,TX,2017-08-31,1291.9412466760978,2017,8,101.46011706941009
394816,88,"Madison, WI",msa,WI,2017-08-31,1140.6189806414586,2017,8,102.10402805763363
102001,0,United States,country,,2017-09-30,1290.1072996395128,2017,9,102.98964275765891
394355,29,"Austin, TX",msa,TX,2017-09-30,1291.6031146514426,2017,9,101.43356252221633
394816,88,"Madison, WI",msa,WI,2017-09-30,1145.8679223621473,2017,9,102.57389407057748
102001,0,United States,country,,2017-10-31,1293.9268969903303,2017,10,103.294562330433
394355,29,"Austin, TX",msa,TX,2017-10-31,1293.0479793569918,2017,10,101.54703218854337
394816,88,"Madison, WI",msa,WI,2017-10-31,1152.7394898301263,2017,10,103.18901158962478
102001,0,United States,country,,2017-11-30,1298.4590148443738,2017,11,103.65636262321016
394355,29,"Austin, TX",msa,TX,2017-11-30,1297.915363319165,2017,11,101.92928281170013
394816,88,"Madison, WI",msa,WI,2017-11-30,1150.943377590548,2017,11,103.02823020897354
102001,0,United States,country,,2017-12-31,1302.8797708820805,2017,12,104.00927286964424
394355,29,"Austin, TX",msa,TX,2017-12-31,1300.4633510428896,2017,12,102.12938411925234
394816,88,"Madison, WI",msa,WI,2017-12-31,1149.4300955319352,2017,12,102.89276674887505
102001,0,United States,country,,2018-01-31,1307.7652159038405,2018,1,104.39927937347832
394355,29,"Austin, TX",msa,TX,2018-01-31,1301.8620074532394,2018,1,102.23922490612951
394816,88,"Madison, WI",msa,WI,2018-01-31,1144.968566440867,2018,1,102.49338702678925
102001,0,United States,country,,2018-02-28,1312.723232437858,2018,2,104.79507928234459
394355,29,"Austin, TX",msa,TX,2018-02-28,1306.62118803726,2018,2,102.61297798542124
394816,88,"Madison, WI",msa,WI,2018-02-28,1150.2708280199663,2018,2,102.96802603791355
102001,0,United States,country,,2018-03-31,1316.8036779999602,2018,3,105.12082244405711
394355,29,"Austin, TX",msa,TX,2018-03-31,1307.5094952075767,2018,3,102.68273947784654
394816,88,"Madison, WI",msa,WI,2018-03-31,1152.045884843306,2018,3,103.12692261492144
102001,0,United States,country,,2018-04-30,1321.0657124950012,2018,4,105.4610619033546
394355,29,"Austin, TX",msa,TX,2018-04-30,1312.1552752957816,2018,4,103.04758686764907
394816,88,"Madison, WI",msa,WI,2018-04-30,1156.6600517752886,2018,4,103.53996591674411
102001,0,United States,country,,2018-05-31,1324.6220004893337,2018,5,105.74496141324963
394355,29,"Austin, TX",msa,TX,2018-05-31,1315.0481270849368,2018,5,103.27477141024903
394816,88,"Madison, WI",msa,WI,2018-05-31,1159.068482485647,2018,5,103.75555980129181
102001,0,United States,country,,2018-06-30,1328.9350790503258,2018,6,106.08927573524937
394355,29,"Austin, TX",msa,TX,2018-06-30,1322.5783796351243,2018,6,103.8661452883336
394816,88,"Madison, WI",msa,WI,2018-06-30,1163.8512969312906,2018,6,104.18369981004196
102001,0,United States,country,,2018-07-31,1333.4667233870543,2018,7,106.45103822700091
394355,29,"Austin, TX",msa,TX,2018-07-31,1328.564394637805,2018,7,104.33624544537541
394816,88,"Madison, WI",msa,WI,2018-07-31,1167.4046153800375,2018,7,104.5017798461856
102001,0,United States,country,,2018-08-31,1338.4751271715386,2018,8,106.85086056479737
394355,29,"Austin, TX",msa,TX,2018-08-31,1333.7038937263776,2018,8,104.73986610579344
394816,88,"Madison, WI",msa,WI,2018-08-31,1169.947168604958,2018,8,104.72937988635793
102001,0,United States,country,,2018-09-30,1342.544990141505,2018,9,107.17575891508697
394355,29,"Austin, TX",msa,TX,2018-09-30,1338.717163052704,2018,9,105.13357355499689
394816,88,"Madison, WI",msa,WI,2018-09-30,1170.5744982363326,2018,9,104.78553613429906
102001,0,United States,country,,2018-10-31,1347.6660727567075,2018,10,107.5845764368695
394355,29,"Austin, TX",msa,TX,2018-10-31,1345.2675924773075,2018,10,105.64799891140152
394816,88,"Madison, WI",msa,WI,2018-10-31,1172.115615041233,2018,10,104.92349125880448
102001,0,United States,country,,2018-11-30,1353.2043089606334,2018,11,108.02669545155086
394355,29,"Austin, TX",msa,TX,2018-11-30,1354.029480049428,2018,11,106.33609687336651
394816,88,"Madison, WI",msa,WI,2018-11-30,1181.5355949019245,2018,11,105.76673330923703
102001,0,United States,country,,2018-12-31,1358.6777107697335,2018,12,108.46363871754576
394355,29,"Austin, TX",msa,TX,2018-12-31,1358.8077859015914,2018,12,106.71135191874977
394816,88,"Madison, WI",msa,WI,2018-12-31,1182.7949349204375,2018,12,105.87946480920914
102001,0,United States,country,,2019-01-31,1362.624684705546,2019,1,108.77872680032516
394355,29,"Austin, TX",msa,TX,2019-01-31,1362.1598519799495,2019,1,106.97459997094225
394816,88,"Madison, WI",msa,WI,2019-01-31,1187.784366011638,2019,1,106.32610038232669
102001,0,United States,country,,2019-02-28,1365.9504305020669,2019,2,109.04422205919408
394355,29,"Austin, TX",msa,TX,2019-02-28,1365.6452215505506,2019,2,107.24831675610811
394816,88,"Madison, WI",msa,WI,2019-02-28,1189.7215262546017,2019,2,106.49950786296361
102001,0,United States,country,,2019-03-31,1370.0544981436085,2019,3,109.37185097841169
394355,29,"Austin, TX",msa,TX,2019-03-31,1371.289577023637,2019,3,107.691585340151
394816,88,"Madison, WI",msa,WI,2019-03-31,1191.4376191352894,2019,3,106.65312620406881
102001,0,United States,country,,2019-04-30,1374.7052902522796,2019,4,109.74312507161774
394355,29,"Austin, TX",msa,TX,2019-04-30,1375.174452416309,2019,4,107.99667654546288
394816,88,"Madison, WI",msa,WI,2019-04-30,1193.749448478926,2019,4,106.86007268854199
102001,0,United States,country,,2019-05-31,1379.9949327482411,2019,5,110.16539877794204
394355,29,"Austin, TX",msa,TX,2019-05-31,1381.490157114131,2019,5,108.49266824761304
394816,88,"Madison, WI",msa,WI,2019-05-31,1195.8163011664883,2019,5,107.0450897611872
102001,0,United States,country,,2019-06-30,1384.9818347934113,2019,6,110.56350462560528
394355,29,"Austin, TX",msa,TX,2019-06-30,1384.5386681779855,2019,6,108.73207719149637
394816,88,"Madison, WI",msa,WI,2019-06-30,1198.9266522372682,2019,6,107.32351698218734
102001,0,United States,country,,2019-07-31,1389.9263304699757,2019,7,110.95822516046967
394355,29,"Austin, TX",msa,TX,2019-07-31,1389.8988277882272,2019,7,109.15302700091307
394816,88,"Madison, WI",msa,WI,2019-07-31,1201.6803534244802,2019,7,107.57001821358305
102001,0,United States,country,,2019-08-31,1394.7514509988664,2019,8,111.34341594240847
394355,29,"Austin, TX",msa,TX,2019-08-31,1395.9931951354326,2019,8,109.63163640060698
394816,88,"Madison, WI",msa,WI,2019-08-31,1206.462660205143,2019,8,107.99811277802593
102001,0,United States,country,,2019-09-30,1399.7692327380648,2019,9,111.74398692507042
394355,29,"Austin, TX",msa,TX,2019-09-30,1402.2590661575664,2019,9,110.12371451103431
394816,88,"Madison, WI",msa,WI,2019-09-30,1212.0545861470198,2019,9,108.49868148059522
102001,0,United States,country,,2019-10-31,1404.321156597168,2019,10,112.10736833701971
394355,29,"Austin, TX",msa,TX,2019-10-31,1406.7326638186455,2019,10,110.47503988560712
394816,88,"Madison, WI",msa,WI,2019-10-31,1215.7727001255637,2019,10,108.83151340819757
102001,0,United States,country,,2019-11-30,1408.332422737298,2019,11,112.42758888525883
394355,29,"Austin, TX",msa,TX,2019-11-30,1407.817989751176,2019,11,110.56027386699465
394816,88,"Madison, WI",msa,WI,2019-11-30,1217.0002690821843,2019,11,108.9414008792258
102001,0,United States,country,,2019-12-31,1412.5169889533763,2019,12,112.76164402920703
394355,29,"Austin, TX",msa,TX,2019-12-31,1412.8814372944134,2019,12,110.95792196580211
394816,88,"Madison, WI",msa,WI,2019-12-31,1224.011150744958,2019,12,109.56898929407228
102001,0,United States,country,,2020-01-31,1417.4262579063345,2020,1,113.1535524044311
394355,29,"Austin, TX",msa,TX,2020-01-31,1419.4469522531735,2020,1,111.47353203557164
394816,88,"Madison, WI",msa,WI,2020-01-31,1230.420693045513,2020,1,110.14274801455615
102001,0,United States,country,,2020-02-29,1422.6876575114522,2020,2,113.57357147252549
394355,29,"Austin, TX",msa,TX,2020-02-29,1424.1325813295166,2020,2,111.84150888889428
394816,88,"Madison, WI",msa,WI,2020-02-29,1235.825321712945,2020,2,110.62655055200842
102001,0,United States,country,,2020-03-31,1426.9561322626098,2020,3,113.91432505935089
394355,29,"Austin, TX",msa,TX,2020-03-31,1429.858058247869,2020,3,112.29114818937236
394816,88,"Madison, WI",msa,WI,2020-03-31,1237.8847864275226,2020,3,110.8109062804066
102001,0,United States,country,,2020-04-30,1425.2251292640306,2020,4,113.7761385840973
394355,29,"Austin, TX",msa,TX,2020-04-30,1422.7172121667063,2020,4,111.73035559819733
394816,88,"Madison, WI",msa,WI,2020-04-30,1237.7421625683455,2020,4,110.79813911558973
102001,0,United States,country,,2020-05-31,1421.431345536873,2020,5,113.47327972044393
394355,29,"Austin, TX",msa,TX,2020-05-31,1411.8738501212663,2020,5,110.87879304813025
394816,88,"Madison, WI",msa,WI,2020-05-31,1237.195488470293,2020,5,110.74920285519667
102001,0,United States,country,,2020-06-30,1418.1559191599076,2020,6,113.21180147554371
394355,29,"Austin, TX",msa,TX,2020-06-30,1399.671653730645,2020,6,109.92051706036254
394816,88,"Madison, WI",msa,WI,2020-06-30,1236.2862422417866,2020,6,110.66781046737711
102001,0,United States,country,,2020-07-31,1419.012870915696,2020,7,113.28021218464819
394355,29,"Austin, TX",msa,TX,2020-07-31,1393.695365476682,2020,7,109.4511807747941
394816,88,"Madison, WI",msa,WI,2020-07-31,1237.525681168633,2020,7,110.77876049460818
102001,0,United States,country,,2020-08-31,1419.4623277502533,2020,8,113.3160924551024
394355,29,"Austin, TX",msa,TX,2020-08-31,1391.0232297170132,2020,8,109.24132974039229
394816,88,"Madison, WI",msa,WI,2020-08-31,1241.4339017393784,2020,8,111.12861006715026
102001,0,United States,country,,2020-09-30,1420.3833546297958,2020,9,113.3896183000618
394355,29,"Austin, TX",msa,TX,2020-09-30,1388.5673927018483,2020,9,109.04846531122176
394816,88,"Madison, WI",msa,WI,2020-09-30,1241.0176045938215,2020,9,111.09134467340209
102001,0,United States,country,,2020-10-31,1423.868697009807,2020,10,113.66785420083205
394355,29,"Austin, TX",msa,TX,2020-10-31,1391.7472265448175,2020,10,109.29818743658852
394816,88,"Madison, WI",msa,WI,2020-10-31,1243.5969529119327,2020,10,111.32223847537506
102001,0,United States,country,,2020-11-30,1429.3974153858478,2020,11,114.10921340453181
394355,29,"Austin, TX",msa,TX,2020-11-30,1400.3680343878466,2020,11,109.97520597379906
394816,88,"Madison, WI",msa,WI,2020-11-30,1247.5259778518305,2020,11,111.67395037874603
102001,0,United States,country,,2020-12-31,1436.6708305550565,2020,12,114.68985226310913
394355,29,"Austin, TX",msa,TX,2020-12-31,1410.5849052251303,2020,12,110.77756824367846
394816,88,"Madison, WI",msa,WI,2020-12-31,1252.0994620814995,2020,12,112.08335191425674
102001,0,United States,country,,2021-01-31,1446.6384249805324,2021,1,115.48556823907472
394355,29,"Austin, TX",msa,TX,2021-01-31,1425.4669434944396,2021,1,111.94630045106042
394816,88,"Madison, WI",msa,WI,2021-01-31,1254.2925669919166,2021,1,112.27967062287635
102001,0,United States,country,,2021-02-28,1457.3335989403172,2021,2,116.3393671018957
394355,29,"Austin, TX",msa,TX,2021-02-28,1439.577329697603,2021,2,113.05443244990394
394816,88,"Madison, WI",msa,WI,2021-02-28,1255.162493701421,2021,2,112.35754327155469
102001,0,United States,country,,2021-03-31,1469.1613284137954,2021,3,117.28357820235853
394355,29,"Austin, TX",msa,TX,2021-03-31,1456.4755207324763,2021,3,114.38149933090223
394816,88,"Madison, WI",msa,WI,2021-03-31,1265.640575298382,2021,3,113.29550270895123
102001,0,United States,country,,2021-04-30,1484.02561343762,2021,4,118.47019841982376
394355,29,"Austin, TX",msa,TX,2021-04-30,1478.7806565454669,2021,4,116.13319020435145
394816,88,"Madison, WI",msa,WI,2021-04-30,1275.2483662256732,2021,4,114.15555691729023
102001,0,United States,country,,2021-05-31,1503.5005341431372,2021,5,120.02488703119383
394355,29,"Austin, TX",msa,TX,2021-05-31,1510.6192042041512,2021,5,118.63356921236058
394816,88,"Madison, WI",msa,WI,2021-05-31,1282.2764699609982,2021,5,114.78468698891153
102001,0,United States,country,,2021-06-30,1526.330112129912,2021,6,121.84737891370861
394355,29,"Austin, TX",msa,TX,2021-06-30,1548.2503087310686,2021,6,121.5888555154919
394816,88,"Madison, WI",msa,WI,2021-06-30,1284.6656603040792,2021,6,114.99855854634238
102001,0,United States,country,,2021-07-31,1549.812021478987,2021,7,123.72194659951636
394355,29,"Austin, TX",msa,TX,2021-07-31,1586.933089677124,2021,7,124.6267332002974
394816,88,"Madison, WI",msa,WI,2021-07-31,1293.1201324218305,2021,7,115.75537188451592
102001,0,United States,country,,2021-08-31,1575.2580978161243,2021,8,125.75331430999918
394355,29,"Austin, TX",msa,TX,2021-08-31,1627.6311517928432,2021,8,127.82287710961423
394816,88,"Madison, WI",msa,WI,2021-08-31,1303.5324788402788,2021,8,116.68744694980823
102001,0,United States,country,,2021-09-30,1600.6564485610666,2021,9,127.78087207250952
394355,29,"Austin, TX",msa,TX,2021-09-30,1663.8105292399598,2021,9,130.66415482307602
394816,88,"Madison, WI",msa,WI,2021-09-30,1318.1899406106477,2021,9,117.99952917293044
102001,0,United States,country,,2021-10-31,1622.4375751731095,2021,10,129.51966577537473
394355,29,"Austin, TX",msa,TX,2021-10-31,1689.5515096618951,2021,10,132.6856731342301
394816,88,"Madison, WI",msa,WI,2021-10-31,1326.9753509194447,2021,10,118.78596688428851
102001,0,United States,country,,2021-11-30,1641.1037320393662,2021,11,131.00979053309942
394355,29,"Austin, TX",msa,TX,2021-11-30,1704.4451923187758,2021,11,133.85531981115872
394816,88,"Madison, WI",msa,WI,2021-11-30,1331.8272867785768,2021,11,119.2202943884793
102001,0,United States,country,,2021-12-31,1657.481691426089,2021,12,132.31724781731862
394355,29,"Austin, TX",msa,TX,2021-12-31,1719.4138828712637,2021,12,135.030857088677
394816,88,"Madison, WI",msa,WI,2021-12-31,1337.2100955033306,2021,12,119.70214368468517
102001,0,United States,country,,2022-01-31,1671.1057250663796,2022,1,133.40485840437904
394355,29,"Austin, TX",msa,TX,2022-01-31,1728.0414846328213,2022,1,135.70840917319168
394816,88,"Madison, WI",msa,WI,2022-01-31,1341.6480104778789,2022,1,120.09940955766218
102001,0,United States,country,,2022-02-28,1684.5847618230673,2022,2,134.48089384784683
394355,29,"Austin, TX",msa,TX,2022-02-28,1742.347057249914,2022,2,136.8318697610547
394816,88,"Madison, WI",msa,WI,2022-02-28,1347.666756130352,2022,2,120.63818559541168
102001,0,United States,country,,2022-03-31,1695.8534716405886,2022,3,135.3804782458039
394355,29,"Austin, TX",msa,TX,2022-03-31,1750.6184518437324,2022,3,137.48144780183264
394816,88,"Madison, WI",msa,WI,2022-03-31,1349.208074410848,2022,3,120.77615875527353
102001,0,United States,country,,2022-04-30,1710.8314140906805,2022,4,136.57617176882385
394355,29,"Austin, TX",msa,TX,2022-04-30,1766.9549123183167,2022,4,138.7644002553715
394816,88,"Madison, WI",msa,WI,2022-04-30,1357.520993470354,2022,4,121.52030078280256
102001,0,United States,country,,2022-05-31,1724.2046266051707,2022,5,137.6437592321104
394355,29,"Austin, TX",msa,TX,2022-05-31,1777.62433055477,2022,5,139.60230246347743
394816,88,"Madison, WI",msa,WI,2022-05-31,1371.860023872947,2022,5,122.80387819769203
102001,0,United States,country,,2022-06-30,1737.9450563985945,2022,6,138.74066175809162
394355,29,"Austin, TX",msa,TX,2022-06-30,1790.514987222953,2022,6,140.61464535292413
394816,88,"Madison, WI",msa,WI,2022-06-30,1389.4523465024088,2022,6,124.3786784016544
102001,0,United States,country,,2022-07-31,1748.0703180387038,2022,7,139.54896435387886
394355,29,"Austin, TX",msa,TX,2022-07-31,1798.4639304372713,2022,7,141.23890029576904
394816,88,"Madison, WI",msa,WI,2022-07-31,1402.9990218996911,2022,7,125.59132710233962
102001,0,United States,country,,2022-08-31,1755.3069463248903,2022,8,140.12666650483374
394355,29,"Austin, TX",msa,TX,2022-08-31,1797.967394842463,2022,8,141.19990582933494
394816,88,"Madison, WI",msa,WI,2022-08-31,1413.407021550267,2022,8,126.52301306091327
102001,0,United States,country,,2022-09-30,1760.4203615479337,2022,9,140.53487193645944
394355,29,"Austin, TX",msa,TX,2022-09-30,1795.9823366507662,2022,9,141.04401310817804
394816,88,"Madison, WI",msa,WI,2022-09-30,1421.3810383003508,2022,9,127.23681779658821
102001,0,United States,country,,2022-10-31,1764.4286581456008,2022,10,140.85485542525592
394355,29,"Austin, TX",msa,TX,2022-10-31,1790.4337786258066,2022,10,140.60826779218385
394816,88,"Madison, WI",msa,WI,2022-10-31,1424.9308445080546,2022,10,127.55458342979442
102001,0,United States,country,,2022-11-30,1768.876008593712,2022,11,141.20988871124467
394355,29,"Austin, TX",msa,TX,2022-11-30,1786.4793368598437,2022,11,140.29771332575513
394816,88,"Madison, WI",msa,WI,2022-11-30,1432.9982426506572,2022,11,128.27674732526208
102001,0,United States,country,,2022-12-31,1774.2248470224465,2022,12,141.63688804618195
394355,29,"Austin, TX",msa,TX,2022-12-31,1783.0458097348992,2022,12,140.02806788719192
394816,88,"Madison, WI",msa,WI,2022-12-31,1443.496055995328,2022,12,129.2164730763497
102001,0,United States,country,,2023-01-31,1779.5674401720833,2023,1,142.06338881866373
394355,29,"Austin, TX",msa,TX,2023-01-31,1784.6531553652133,2023,1,140.1542976799493
394816,88,"Madison, WI",msa,WI,2023-01-31,1463.7558478044891,2023,1,131.03005533864123
102001,0,United States,country,,2023-02-28,1784.8631152124492,2023,2,142.4861441047708
394355,29,"Austin, TX",msa,TX,2023-02-28,1784.9612133611247,2023,2,140.17849042122896
394816,88,"Madison, WI",msa,WI,2023-02-28,1481.9125730904304,2023,2,132.65537879852957
102001,0,United States,country,,2023-03-31,1792.580790768988,2023,3,143.10224839990155
394355,29,"Austin, TX",msa,TX,2023-03-31,1789.254980852038,2023,3,140.51569317980466
394816,88,"Madison, WI",msa,WI,2023-03-31,1497.3831984523283,2023,3,134.0402524441812
102001,0,United States,country,,2023-04-30,1797.277747138996,2023,4,143.4772077995814
394355,29,"Austin, TX",msa,TX,2023-04-30,1782.0513412889168,2023,4,139.94996922348656
394816,88,"Madison, WI",msa,WI,2023-04-30,1508.3767788444843,2023,4,135.02435744319084
102001,0,United States,country,,2023-05-31,1802.2203312183512,2023,5,143.87177573108195
394355,29,"Austin, TX",msa,TX,2023-05-31,1775.9314540513858,2023,5,139.46935566836635
394816,88,"Madison, WI",msa,WI,2023-05-31,1519.7932558172567,2023,5,136.04631859317251
102001,0,United States,country,,2023-06-30,1802.9591708111727,2023,6,143.93075751169908
394355,29,"Austin, TX",msa,TX,2023-06-30,1762.438698237661,2023,6,138.4097280823816
394816,88,"Madison, WI",msa,WI,2023-06-30,1531.8237180305384,2023,6,137.12324145016407
102001,0,United States,country,,2023-07-31,1806.1444257320632,2023,7,144.18503734290863
394355,29,"Austin, TX",msa,TX,2023-07-31,1753.4425714189456,2023,7,137.70323459241337
394816,88,"Madison, WI",msa,WI,2023-07-31,1542.9436088764894,2023,7,138.11865329776836
102001,0,United States,country,,2023-08-31,1809.5125074509529,2023,8,144.45391229083273
394355,29,"Austin, TX",msa,TX,2023-08-31,1744.862445768587,2023,8,137.02941095283583
394816,88,"Madison, WI",msa,WI,2023-08-31,1551.7080264011806,2023,8,138.9032118120819
102001,0,United States,country,,2023-09-30,1813.4032813549056,2023,9,144.7645139086446
394355,29,"Austin, TX",msa,TX,2023-09-30,1735.8867692524614,2023,9,136.3245234879869
394816,88,"Madison, WI",msa,WI,2023-09-30,1552.5776080328544,2023,9,138.98105357065836
102001,0,United States,country,,2023-10-31,1818.101185954859,2023,10,145.13954900579807
394355,29,"Austin, TX",msa,TX,2023-10-31,1733.1113727445766,2023,10,136.10656306964088
394816,88,"Madison, WI",msa,WI,2023-10-31,1554.9590539274006,2023,10,139.19423187345822
102001,0,United States,country,,2023-11-30,1822.520836912919,2023,11,145.492371033401
394355,29,"Austin, TX",msa,TX,2023-11-30,1733.535941859141,2023,11,136.1399057871821
394816,88,"Madison, WI",msa,WI,2023-11-30,1559.5120029128063,2023,11,139.60179516921315
102001,0,United States,country,,2023-12-31,1827.6069266184024,2023,12,145.89839506097417
394355,29,"Austin, TX",msa,TX,2023-12-31,1733.8384827120317,2023,12,136.16366525026257
394816,88,"Madison, WI",msa,WI,2023-12-31,1568.1554383375426,2023,12,140.3755238096267
102001,0,United States,country,,2024-01-31,1832.8146188084484,2024,1,146.31412665042765
394355,29,"Austin, TX",msa,TX,2024-01-31,1728.128577683192,2024,1,135.71524885813037
394816,88,"Madison, WI",msa,WI,2024-01-31,1576.239789172192,2024,1,141.09920524791434
102001,0,United States,country,,2024-02-29,1837.8398549659364,2024,2,146.71529272148018
394355,29,"Austin, TX",msa,TX,2024-02-29,1719.107238440099,2024,2,135.00677535898174
394816,88,"Madison, WI",msa,WI,2024-02-29,1581.5935050775115,2024,2,141.57845026161903
102001,0,United States,country,,2024-03-31,1841.9148840175228,2024,3,147.0406034815753
394355,29,"Austin, TX",msa,TX,2024-03-31,1709.6145113521509,2024,3,134.26128232349802
394816,88,"Madison, WI",msa,WI,2024-03-31,1590.5256178074242,2024,3,142.37802023570106
102001,0,United States,country,,2024-04-30,1845.8650088491368,2024,4,147.35594310128735
394355,29,"Austin, TX",msa,TX,2024-04-30,1704.645820266959,2024,4,133.8710757405885
394816,88,"Madison, WI",msa,WI,2024-04-30,1595.01547436404,2024,4,142.77993572861496
102001,0,United States,country,,2024-05-31,1850.519825047151,2024,5,147.7275384387217
394355,29,"Austin, TX",msa,TX,2024-05-31,1699.2076260970712,2024,5,133.44399763735234
394816,88,"Madison, WI",msa,WI,2024-05-31,1598.221816339276,2024,5,143.06695570334637
102001,0,United States,country,,2024-06-30,1855.7528781698825,2024,6,148.14529459884304
394355,29,"Austin, TX",msa,TX,2024-06-30,1695.58937427017,2024,6,133.15984520016647
394816,88,"Madison, WI",msa,WI,2024-06-30,1600.941149509286,2024,6,143.3103804358829
102001,0,United States,country,,2024-07-31,1860.228440322537,2024,7,148.50258003345022
394355,29,"Austin, TX",msa,TX,2024-07-31,1690.0160436512222,2024,7,132.7221544162242
394816,88,"Madison, WI",msa,WI,2024-07-31,1603.0689033482874,2024,7,143.50084915625695
102001,0,United States,country,,2024-08-31,1864.0972044094824,2024,8,148.81142460113813
394355,29,"Austin, TX",msa,TX,2024-08-31,1683.9816449109942,2024,8,132.24825453555843
394816,88,"Madison, WI",msa,WI,2024-08-31,1608.2265202773974,2024,8,143.9625401087819
102001,0,United States,country,,2024-09-30,1868.0531239652537,2024,9,149.12722681537315
394355,29,"Austin, TX",msa,TX,2024-09-30,1679.7040433255363,2024,9,131.91232133522638
394816,88,"Madison, WI",msa,WI,2024-09-30,1611.0639102829984,2024,9,144.21653285628062
102001,0,United States,country,,2024-10-31,1871.9279175373215,2024,10,149.43655271862048
394355,29,"Austin, TX",msa,TX,2024-10-31,1672.5738280050948,2024,10,131.35236361036596
394816,88,"Madison, WI",msa,WI,2024-10-31,1623.1892259463025,2024,10,145.30194664625404
102001,0,United States,country,,2024-11-30,1877.189376463486,2024,11,149.85657652233135
394355,29,"Austin, TX",msa,TX,2024-11-30,1667.6453965083997,2024,11,130.96531873668476
394816,88,"Madison, WI",msa,WI,2024-11-30,1632.840580761279,2024,11,146.16590053405304
102001,0,United States,country,,2024-12-31,1881.7607218621977,2024,12,150.22150836146344
394355,29,"Austin, TX",msa,TX,2024-12-31,1662.3007895530584,2024,12,130.54559032506077
394816,88,"Madison, WI",msa,WI,2024-12-31,1646.737795424788,2024,12,147.40992822428828
102001,0,United States,country,,2025-01-31,1886.853535076075,2025,1,150.6280691286766
394355,29,"Austin, TX",msa,TX,2025-01-31,1658.784212093317,2025,1,130.26942268843874
394816,88,"Madison, WI",msa,WI,2025-01-31,1645.560251228438,2025,1,147.30451878633943
102001,0,United States,country,,2025-02-28,1890.8444763946889,2025,2,150.94666714047426
394355,29,"Austin, TX",msa,TX,2025-02-28,1653.9022466921124,2025,2,129.8860269400567
394816,88,"Madison, WI",msa,WI,2025-02-28,1647.8887424610816,2025,2,147.51295678201095
102001,0,United States,country,,2025-03-31,1894.48027883107,2025,3,151.23691431151573
394355,29,"Austin, TX",msa,TX,2025-03-31,1650.259114754802,2025,3,129.59992059132776
394816,88,"Madison, WI",msa,WI,2025-03-31,1647.278883161306,2025,3,147.45836441408414
102001,0,United States,country,,2025-04-30,1896.7962644224117,2025,4,151.4218001181078
394355,29,"Austin, TX",msa,TX,2025-04-30,1645.1171832672535,2025,4,129.19610890714182
394816,88,"Madison, WI",msa,WI,2025-04-30,1651.868464896112,2025,4,147.86920693921897
102001,0,United States,country,,2025-05-31,1899.627007310183,2025,5,151.6477791501091
394355,29,"Austin, TX",msa,TX,2025-05-31,1641.174522476285,2025,5,128.88647963688993
394816,88,"Madison, WI",msa,WI,2025-05-31,1656.5092329606357,2025,5,148.2846314768701
102001,0,United States,country,,2025-06-30,1903.4733146735937,2025,6,151.95483099099437
394355,29,"Austin, TX",msa,TX,2025-06-30,1638.167290098162,2025,6,128.6503124350731
394816,88,"Madison, WI",msa,WI,2025-06-30,1660.3350417097604,2025,6,148.6271038453766
102001,0,United States,country,,2025-07-31,1907.061469409747,2025,7,152.24127443220183
394355,29,"Austin, TX",msa,TX,2025-07-31,1635.2089212868286,2025,7,128.41798263934544
394816,88,"Madison, WI",msa,WI,2025-07-31,1665.5140090308437,2025,7,149.09070600669088
102001,0,United States,country,,2025-08-31,1911.15585277634,2025,8,152.5681302529201
394355,29,"Austin, TX",msa,TX,2025-08-31,1633.5399126999382,2025,8,128.2869102650781
394816,88,"Madison, WI",msa,WI,2025-08-31,1669.7497625514118,2025,8,149.46987512771156
102001,0,United States,country,,2025-09-30,1914.9578386208484,2025,9,152.87164389399865
394355,29,"Austin, TX",msa,TX,2025-09-30,1630.9021550543937,2025,9,128.07975904964454
394816,88,"Madison, WI",msa,WI,2025-09-30,1679.556741379263,2025,9,150.34775990640986
102001,0,United States,country,,2025-10-31,1918.3626462078796,2025,10,153.14345067870943
394355,29,"Austin, TX",msa,TX,2025-10-31,1628.3452576892769,2025,10,127.87895804056872
394816,88,"Madison, WI",msa,WI,2025-10-31,1681.9783873528245,2025,10,150.564536772854
102001,0,United States,country,,2025-11-30,1920.4503266188883,2025,11,153.31011081603444
394355,29,"Austin, TX",msa,TX,2025-11-30,1622.6781999812983,2025,11,127.43390658024119
394816,88,"Madison, WI",msa,WI,2025-11-30,1683.8679695483938,2025,11,150.73368524117527
102001,0,United States,country,,2025-12-31,1922.2515912828037,2025,12,153.45390630056545
394355,29,"Austin, TX",msa,TX,2025-12-31,1617.2065070730382,2025,12,127.00419771811741
394816,88,"Madison, WI",msa,WI,2025-12-31,1679.451950419108,2025,12,150.33837940396563
102001,0,United States,country,,2026-01-31,1923.3272225400376,2026,1,153.53977425817834
394355,29,"Austin, TX",msa,TX,2026-01-31,1612.2769680618153,2026,1,126.61706586791625
394816,88,"Madison, WI",msa,WI,2026-01-31,1684.4352847813625,2026,1,150.784469220267
102001,0,United States,country,,2026-02-28,1925.0133364214537,2026,2,153.67437722209016
394355,29,"Austin, TX",msa,TX,2026-02-28,1609.864397747218,2026,2,126.42759930572778
394816,88,"Madison, WI",msa,WI,2026-02-28,1688.1906526202197,2026,2,151.12063597682032
102001,0,United States,country,,2026-03-31,1926.6878481301744,2026,3,153.80805398116505
394355,29,"Austin, TX",msa,TX,2026-03-31,1606.2573384725613,2026,3,126.14432585407155
394816,88,"Madison, WI",msa,WI,2026-03-31,1692.9012647510865,2026,3,151.54231269914538
102001,0,United States,country,,2026-04-30,1929.6422102592069,2026,4,154.04390157332332
394355,29,"Austin, TX",msa,TX,2026-04-30,1603.6026487146676,2026,4,125.93584490781195
394816,88,"Madison, WI",msa,WI,2026-04-30,1696.2220410123537,2026,4,151.83957641148768
